"","day","temp","visib","fog","NUM_COLLISIONS"
"1",1,83.6,9.7,0,0.52027027027027
"2",3,80.3,10,0,0.578828828828829
"3",4,79.8,10,0,0.804054054054054
"4",5,81.8,9.2,0,0.281531531531532
"5",6,86.7,9.4,0,0.63963963963964
"6",7,81.9,10,0,0.745495495495496
"7",2,84.9,9.5,0,0.412162162162162
"8",1,80.6,8.5,0,0.353603603603604
"9",3,78.5,10,0,0.509009009009009
"10",4,76.5,10,0,0.488738738738739
"11",5,77.1,10,0,0.581081081081081
"12",6,77.4,10,0,0.608108108108108
"13",7,78.9,9.9,0,0.666666666666667
"14",2,78.5,10,1,0.515765765765766
"15",1,79.7,9.1,0,0.421171171171171
"16",3,79,9.2,0,0.497747747747748
"17",4,84.6,9.4,0,0.768018018018018
"18",5,85.3,7.2,1,0.567567567567568
"19",6,73.3,7.5,0,0.484234234234234
"20",7,67.2,7.4,0,0.668918918918919
"21",2,68.1,9.8,0,0.497747747747748
"22",1,72.5,10,0,0.43018018018018
"23",3,76,8.9,0,0.445945945945946
"24",4,80.3,8.1,0,0.601351351351351
"25",5,76.5,10,0,0.686936936936937
"26",6,78,8.9,1,0.668918918918919
"27",7,76.6,9.1,0,0.745495495495496
"28",2,75.5,7,1,0.463963963963964
"29",1,71.7,9.4,0,0.155405405405405
"30",3,73.1,10,0,0.502252252252252
"31",4,73.4,10,0,0.524774774774775
"32",5,72.2,7.8,1,0.695945945945946
"33",6,75,6.2,1,0.592342342342342
"34",7,77.9,6,1,0.635135135135135
"35",2,77.9,5.7,1,0.587837837837838
"36",1,78.1,5.8,1,0.475225225225225
"37",3,77.3,8.9,0,0.644144144144144
"38",4,75.2,10,0,0.540540540540541
"39",5,77.8,8.8,0,0.497747747747748
"40",6,78.2,9.3,0,0.617117117117117
"41",7,75.3,7.6,1,0.698198198198198
"42",2,77.7,7.8,0,0.45045045045045
"43",1,77.8,8.7,0,0.445945945945946
"44",3,76.3,9.2,0,0.443693693693694
"45",4,76,9.6,0,0.47972972972973
"46",5,73.6,6.5,1,0.664414414414414
"47",6,74,6.7,1,0.689189189189189
"48",7,77.9,9.5,0,0.601351351351351
"49",2,69.8,8.4,0,0.524774774774775
"50",1,68.7,10,0,0.36036036036036
"51",3,71.4,10,0,0.373873873873874
"52",4,72.8,10,0,0.394144144144144
"53",5,73.8,9.8,0,0.443693693693694
"54",6,74.7,8.9,0,0.601351351351351
"55",7,77.3,9.3,0,0.662162162162162
"56",2,75.7,7.3,1,0.376126126126126
"57",1,73.9,10,0,0.369369369369369
"58",3,71.9,8.6,1,0.542792792792793
"59",4,77.9,9,0,0.630630630630631
"60",5,73.3,10,0,0.547297297297297
"61",6,72,10,0,0.70045045045045
"62",7,78.7,9.9,0,0.887387387387387
"63",2,81.6,9.9,0,0.468468468468468
"64",1,75.4,9.8,0,0.256756756756757
"65",3,73.8,10,0,0.148648648648649
"66",4,72.6,8.8,0,0.673423423423423
"67",5,75.2,6.7,0,0.662162162162162
"68",6,73.2,9.7,0,0.596846846846847
"69",7,77,8.7,0,0.84009009009009
"70",2,75.3,8.8,1,0.655405405405405
"71",1,68.4,9.5,0,0.353603603603604
"72",3,65.4,10,0,0.743243243243243
"73",4,62.8,10,0,0.481981981981982
"74",5,68.5,10,0,0.774774774774775
"75",6,70.4,10,0,0.731981981981982
"76",7,70.5,9.7,0,0.68018018018018
"77",2,67.2,10,0,0.563063063063063
"78",1,65.1,10,0,0.34009009009009
"79",3,66.5,10,0,0.326576576576577
"80",4,70.6,7.6,1,0.560810810810811
"81",5,66.7,7.6,0,0.686936936936937
"82",6,61,10,0,0.484234234234234
"83",7,64.7,10,0,0.781531531531532
"84",2,66.3,8.1,0,0.540540540540541
"85",1,63.8,9,0,0.38963963963964
"86",3,59,10,0,0.574324324324324
"87",4,62,10,0,0.646396396396396
"88",5,67.7,10,0,0.218468468468468
"89",6,69,8.7,0,0.704954954954955
"90",7,65.2,5.9,1,0.891891891891892
"91",2,62.4,7.6,1,0.400900900900901
"92",1,60.5,9.5,0,0.31981981981982
"93",3,60.6,10,0,0.558558558558559
"94",4,63.7,7.3,0,0.644144144144144
"95",5,65.6,1.5,1,0.439189189189189
"96",6,68.6,2.9,1,0.556306306306306
"97",7,67.8,8.4,0,0.869369369369369
"98",2,66.1,7,1,0.434684684684685
"99",1,52.5,9.3,0,0.391891891891892
"100",3,49.9,9,0,0.155405405405405
"101",4,53.8,8.5,0,0.592342342342342
"102",5,58.2,7.5,0,0.75
"103",6,53.4,10,0,0.788288288288288
"104",7,51.2,10,0,0.646396396396396
"105",2,45.2,10,0,0.540540540540541
"106",1,58.7,10,0,0.472972972972973
"107",3,65.3,9.4,0,0.675675675675676
"108",4,55.8,9.9,0,0.664414414414414
"109",5,51.9,10,0,0.693693693693694
"110",6,56.8,9.7,0,0.727477477477477
"111",7,63.2,6.1,1,0.970720720720721
"112",2,62.7,5,1,0.630630630630631
"113",1,56.5,10,0,0.268018018018018
"114",3,57.8,10,0,0.68018018018018
"115",4,59,9.7,0,0.484234234234234
"116",5,57.1,6.4,0,0.421171171171171
"117",6,58,10,0,0.459459459459459
"118",7,60.8,10,0,0.655405405405405
"119",2,61.9,9.6,0,0.488738738738739
"120",1,57.7,9.6,0,0.216216216216216
"122",4,53.9,8.1,0,0.146396396396396
"123",5,49.7,8.6,0,0.545045045045045
"124",6,47.7,10,0,0.297297297297297
"125",7,48.2,10,0,0.0855855855855856
"126",2,44.7,10,0,0
"127",1,43.2,10,0,0.0833333333333333
"128",3,42.3,10,0,0.387387387387387
"129",4,36.6,10,0,0.466216216216216
"130",5,37.1,7.3,1,0.925675675675676
"131",6,41.2,5.1,0,0.547297297297297
"132",7,43.3,9.8,0,0.858108108108108
"133",2,48,7.9,0,0.308558558558559
"134",1,54.7,7,0,0.493243243243243
"135",3,56.7,7.4,1,0.540540540540541
"136",4,52.4,8.8,0,0.768018018018018
"137",5,42.8,9.6,0,0.716216216216216
"138",6,40.4,10,0,0.711711711711712
"139",7,41.9,9.7,0,0.822072072072072
"140",2,43.6,10,0,0.529279279279279
"141",1,43.2,9.8,0,0.313063063063063
"142",3,43,10,0,0.626126126126126
"143",4,44.4,10,0,0.81981981981982
"144",5,46.5,10,0,0.86036036036036
"145",6,47.3,10,0,0.173423423423423
"146",7,48.3,8.9,1,0.391891891891892
"147",2,44.1,9.5,1,0.34009009009009
"148",1,36.6,10,0,0.243243243243243
"149",3,40.3,10,0,0.576576576576577
"150",4,38.7,7,0,0.621621621621622
"151",5,37.5,9.3,0,0.461711711711712
"152",6,37.5,9.7,0,0.468468468468468
"153",7,41.3,9.3,0,0.605855855855856
"154",2,38.5,9.3,0,0.38963963963964
"155",1,44.3,3.9,1,0.333333333333333
"156",3,53.5,7,0,0.707207207207207
"157",4,51.9,5.6,1,0.707207207207207
"158",5,52.6,9.1,0,0.466216216216216
"159",6,35,10,0,0.704954954954955
"160",7,38.8,7.9,0,0.916666666666667
"161",2,47.3,3.7,1,0.614864864864865
"162",1,46.2,7.2,0,0.533783783783784
"163",3,50.3,2.8,1,0.702702702702703
"164",4,50.1,7.3,1,0.61036036036036
"165",5,40.1,10,0,0.547297297297297
"166",6,40.3,10,0,0.536036036036036
"167",7,41.4,10,0,0.768018018018018
"168",2,42.6,9.9,0,0.486486486486487
"169",1,44.5,7.5,0,0.434684684684685
"170",3,42,5.6,0,0.77027027027027
"171",4,47.3,5.3,0,0.761261261261261
"172",5,44,10,0,0.637387387387387
"173",6,39.8,10,0,0.673423423423423
"174",7,47.3,7.1,0,1
"175",2,37.4,10,0,0.529279279279279
"176",1,37.8,10,0,0.227477477477477
"177",3,37,10,0,0.475225225225225
"178",4,37.5,6.8,0,0.105855855855856
"179",5,32.2,8.8,1,0.504504504504504
"180",6,39.1,6,1,0.490990990990991
"181",7,33,9.4,0,0.563063063063063
"182",2,32.5,7.8,1,0.304054054054054
"183",1,32.4,8.8,0,0.234234234234234
"184",3,31.5,10,0,0.394144144144144
"185",4,37.8,10,0,0.0596330275229358
"186",5,27.1,10,0,0.286697247706422
"187",6,28.4,10,0,0.444954128440367
"188",7,33.4,10,0,0.344036697247706
"189",2,36.1,10,0,0.0779816513761468
"190",1,38.3,8.5,0,0.0871559633027523
"191",3,40.9,10,0,0.380733944954128
"192",4,40.7,9.3,0,0.362385321100917
"193",5,43.8,7.8,0,0.302752293577982
"194",6,44.3,9.9,0,0.458715596330275
"195",7,40.5,9.4,0,0.69954128440367
"196",2,44.6,3.9,0,0.275229357798165
"197",1,45.3,4.2,1,0.0412844036697248
"198",3,52.5,5.9,1,0.428899082568807
"199",4,37.9,9.7,0,0.369266055045872
"200",5,34.2,5.4,0,0.511467889908257
"201",6,39.2,9.7,0,0.311926605504587
"202",7,30.2,10,0,0.472477064220183
"203",2,37.3,10,0,0.295871559633028
"204",1,45.3,10,0,0.0871559633027523
"205",3,29.8,10,0,0
"206",4,22.4,9.9,0,0.43348623853211
"207",5,14.4,10,0,0.435779816513761
"208",6,16.8,10,0,0.456422018348624
"209",7,17.1,9.3,0,0.731651376146789
"210",2,19.9,9,0,0.465596330275229
"211",1,24.5,10,0,0.169724770642202
"212",3,31.8,6.9,0,0.348623853211009
"213",4,40.3,5.3,0,0.428899082568807
"214",5,45.7,3.5,1,0.325688073394495
"215",6,49.1,7.9,1,0.543577981651376
"216",7,29.3,10,0,0.502293577981651
"217",2,24.1,10,0,0.410550458715596
"218",1,26.5,7.6,0,0.206422018348624
"219",3,26.8,9.8,0,0.454128440366972
"220",4,29.1,6.5,0,0.48394495412844
"221",5,33.3,6.5,0,0.48394495412844
"222",6,29.3,10,0,0.392201834862385
"223",7,32.3,5.8,1,0.798165137614679
"224",2,28.8,3.4,1,0.110091743119266
"225",1,25.2,10,0,0.103211009174312
"226",3,38.5,5.6,1,0.275229357798165
"227",4,41.9,8.8,0,0.327981651376147
"228",5,38.2,9.9,0,0.493119266055046
"229",6,38.2,8.9,0,0.63302752293578
"230",7,43,7.8,0,0.571100917431193
"231",2,37.9,9.6,0,0.215596330275229
"232",1,29,10,0,0.211009174311927
"233",3,23.4,10,0,0.0986238532110092
"234",4,39.2,9.3,0,0.279816513761468
"235",5,33.8,10,0,0.355504587155963
"236",6,28,10,0,0.327981651376147
"237",7,30,10,0,0.403669724770642
"238",2,38,5.3,0,0.380733944954128
"239",1,39.3,8.1,0,0.162844036697248
"240",3,37.5,10,0,0.309633027522936
"241",4,39.9,9.4,0,0.41743119266055
"242",5,40.2,4.2,0,0.447247706422018
"243",6,45.2,9.8,0,0.371559633027523
"244",7,40,10,0,0.568807339449541
"245",2,36.7,10,0,0.272935779816514
"246",1,32.6,9,0,0.337155963302752
"247",3,32.8,10,0,0.555045871559633
"248",4,37.9,10,0,0.394495412844037
"249",5,40.1,10,0,0.275229357798165
"250",6,36.7,8,0,0.412844036697248
"252",2,43.7,10,0,0.490825688073394
"253",1,41.8,10,0,0.137614678899083
"254",3,44.7,9.5,0,0.38302752293578
"255",4,50.3,6.9,0,0.440366972477064
"256",5,45,10,0,0.644495412844037
"257",6,35.6,10,0,0.463302752293578
"258",7,36.1,10,0,0.577981651376147
"259",2,37.3,7.8,1,0.380733944954128
"260",1,33,9.8,0,0.162844036697248
"261",3,32.1,8.6,1,0.614678899082569
"262",4,36,6.5,0,0.467889908256881
"263",5,38.5,10,0,0.424311926605505
"264",6,35.7,9.8,0,0.350917431192661
"265",7,34,10,0,0.571100917431193
"266",2,38.4,10,0,0.305045871559633
"267",1,39.1,10,0,0.220183486238532
"268",3,38.3,8.9,0,0.327981651376147
"269",4,42.2,9.7,0,0.160550458715596
"270",5,43.8,10,0,0.197247706422018
"271",6,43.3,10,0,0.444954128440367
"272",7,46.7,10,0,0.378440366972477
"273",2,48,10,0,0.362385321100917
"274",1,49.3,9.7,0,0.162844036697248
"275",3,49.3,6.8,0,0.284403669724771
"276",4,38,10,0,0.188073394495413
"277",5,38.4,10,0,0.405963302752294
"278",6,39.9,10,0,0.48394495412844
"279",7,49,10,0,0.520642201834862
"280",2,43.1,10,0,0.403669724770642
"281",1,46.2,10,0,0.220183486238532
"282",3,59,10,0,0.520642201834862
"283",4,65.7,9.3,0,0.591743119266055
"284",5,65.1,9.7,0,0.51605504587156
"285",6,56.2,7.4,0,0.371559633027523
"286",7,44.2,7.5,0,0.674311926605505
"287",2,46.5,9.7,0,0.458715596330275
"288",1,52.3,10,0,0.268348623853211
"289",3,49.9,10,0,0.568807339449541
"290",4,53.9,10,0,0.479357798165138
"291",5,62.7,9.9,0,0.412844036697248
"292",6,55.3,9.9,0,0.454128440366972
"293",7,60.8,7.9,0,0.493119266055046
"294",2,55.5,9.3,0,0.405963302752294
"295",1,46,10,0,0.26605504587156
"296",3,47.6,10,0,0.481651376146789
"297",4,45.4,9.8,0,0.362385321100917
"298",5,52.9,9.4,0,0.557339449541284
"299",6,56.1,9.6,0,0.522935779816514
"300",7,57.3,10,0,0.73394495412844
"301",2,57.8,10,0,0.371559633027523
"302",1,58.9,10,0,0.194954128440367
"303",3,55,9.6,0,0.557339449541284
"304",4,57.7,10,0,0.506880733944954
"305",5,57,10,0,0.506880733944954
"306",6,58.9,10,0,0.527522935779816
"307",7,56.6,10,0,0.759174311926605
"308",2,54.7,10,0,0.51605504587156
"309",1,52.1,10,0,0.36697247706422
"310",3,55.4,9.5,0,0.472477064220183
"311",4,60.9,9.9,0,0.543577981651376
"312",5,60.3,6.3,1,0.607798165137615
"313",6,58.9,6.4,0,0.56651376146789
"314",7,66.9,9.2,0,0.786697247706422
"315",2,64.4,5.8,1,0.385321100917431
"316",1,62.6,9.4,0,0.394495412844037
"317",3,51.7,10,0,0.509174311926605
"318",4,51.1,10,0,0.481651376146789
"319",5,58,9.7,0,0.405963302752294
"320",6,69.5,9.9,0,0.467889908256881
"321",7,66.4,10,0,0.887614678899083
"322",2,61,10,0,0.346330275229358
"323",1,57.3,5,0,0.43348623853211
"324",3,65,4.2,1,0.694954128440367
"325",4,75.9,7.6,0,0.784403669724771
"326",5,71,6.1,0,0.493119266055046
"327",6,71.5,6.4,1,0.871559633027523
"328",7,59.6,6.3,0,0.717889908256881
"329",2,48.1,9.1,0,0.364678899082569
"330",1,55.5,10,0,0.229357798165138
"331",3,61.7,10,0,0.149082568807339
"332",4,61.1,7.1,1,0.759174311926605
"333",5,66.9,3.2,1,0.502293577981651
"334",6,81,9,0,0.756880733944954
"335",7,83,9,0,0.873853211009174
"336",2,80.8,9.8,0,0.63302752293578
"337",1,80.1,10,0,0.302752293577982
"338",3,72.2,6.6,1,0.807339449541284
"339",4,66.1,9.5,0,0.591743119266055
"340",5,66,10,0,0.559633027522936
"341",6,63.8,8.7,0,0.573394495412844
"342",7,61.5,4.2,1,1
"343",2,64.9,7.2,0,0.495412844036697
"344",1,71.7,10,0,0.408256880733945
"345",3,67.7,5.1,1,0.61697247706422
"346",4,69.6,5.6,0,0.642201834862385
"347",5,70.9,9.8,0,0.596330275229358
"348",6,65.7,8.1,1,0.412844036697248
"349",7,59.9,7.7,0,0.775229357798165
"350",2,69.4,10,0,0.552752293577982
"351",1,72.8,9.8,0,0.279816513761468
"352",3,75.3,9.1,0,0.594036697247706
"353",4,72.8,7.3,0,0.591743119266055
"354",5,67.4,8.7,0,0.612385321100917
"355",6,69.6,10,0,0.747706422018349
"356",7,71.6,10,0,0.768348623853211
"357",2,72.4,10,0,0.559633027522936
"358",1,76.1,9.9,0,0.344036697247706
"359",3,80.6,9,0,0.745412844036697
"360",4,80.9,8.4,0,0.672018348623853
"361",5,79.4,9.2,0,0.610091743119266
"362",6,78.1,7.9,0,0.557339449541284
"363",7,77.1,8.1,0,0.580275229357798
"364",2,76.2,8.7,0,0.541284403669725
"365",1,77.5,7.5,0,0.155963302752294
"366",3,74.2,6.6,1,0.637614678899083
"367",4,75.6,7.9,0,0.564220183486238
"368",5,76,8.5,1,0.642201834862385
"369",6,79.5,8.4,0,0.190366972477064
"370",7,82.3,9.4,0,0.506880733944954
"371",2,84.6,9.8,0,0.369266055045872
"372",1,85.6,10,0,0.275229357798165
"373",3,81.3,9.5,0,0.600917431192661
"374",4,78.8,6.9,1,0.522935779816514
"375",5,79.4,6.7,0,0.594036697247706
"376",6,80.6,9,0,0.447247706422018
"377",7,75,8.9,0,0.559633027522936
"378",2,72.2,4.4,0,0.504587155963303
"379",1,80.3,7.7,0,0.26605504587156
"380",3,85.3,9.6,0,0.518348623853211
"381",4,85.9,9.3,0,0.520642201834862
"382",5,86.7,8.6,0,0.582568807339449
"383",6,88.2,8.2,0,0.644495412844037
"384",7,89.1,6.7,0,0.784403669724771
"385",2,86.7,6.5,0,0.44954128440367
"386",1,82.3,9.8,0,0.211009174311927
"387",3,78.2,6.6,0,0.541284403669725
"388",4,78.7,7.3,0,0.495412844036697
"389",5,78.5,10,0,0.495412844036697
"390",6,67.3,10,0,0.348623853211009
"391",7,72.2,10,0,0.600917431192661
"392",2,75.2,9.8,0,0.369266055045872
"393",1,73.3,9.3,0,0.298165137614679
"394",3,75.1,7.9,0,0.555045871559633
"395",4,74.4,10,0,0.525229357798165
"396",5,74.1,10,0,0.454128440366972
"397",6,71.5,6.9,0,0.660550458715596
"398",7,73.6,6.9,1,0.621559633027523
"399",2,73.4,9.3,0,0.314220183486239
"400",1,73.2,10,0,0.227064220183486
"401",3,70.2,10,0,0.435779816513761
"402",4,72.1,10,0,0.431192660550459
"403",5,73.4,10,0,0.350917431192661
"404",6,73.8,7.2,1,0.444954128440367
"405",7,77,7.4,0,0.513761467889908
"406",2,77.2,9.8,0,0.321100917431193
"407",1,73.5,10,0,0.288990825688073
"408",3,74.5,9.5,0,0.376146788990826
"409",4,73.2,6,0,0.454128440366972
"410",5,68.3,9.6,0,0.612385321100917
"411",6,68.6,10,0,0.559633027522936
"412",7,70.9,10,0,0.740825688073395
"413",2,72.6,10,0,0.341743119266055
"414",1,72.1,9.8,0,0.19954128440367
"415",3,72.1,9.8,0,0.245412844036697
"416",4,76.6,9.7,0,0.428899082568807
"417",5,80.1,9.8,0,0.474770642201835
"418",6,75.6,7.5,0,0.511467889908257
"419",7,75.5,8.7,0,0.644495412844037
"420",2,72,10,0,0.394495412844037
"421",1,72.8,10,0,0.238532110091743
"422",3,74.5,10,0,0.380733944954128
"423",4,77.8,9.3,0,0.348623853211009
"424",5,76.4,7.1,1,0.291284403669725
"425",6,73.8,6.3,0,0.497706422018349
"426",7,75.1,9.2,0,0.559633027522936
"427",2,78.3,8,0,0.286697247706422
"428",1,78.9,9.3,0,0.286697247706422
"429",3,76.9,6.3,0,0.174311926605505
"430",4,75.7,7.9,0,0.44954128440367
"431",5,72.7,10,0,0.571100917431193
"432",6,73,10,0,0.31651376146789
"433",7,64.7,10,0,0.389908256880734
"434",2,67.8,10,0,0.527522935779816
"435",1,73.7,10,0,0.33256880733945
"436",3,65.3,10,0,0.635321100917431
"437",4,74.9,8.9,0,0.628440366972477
"438",5,84.4,6.3,0,0.506880733944954
"439",6,80,6.1,1,0.779816513761468
"440",7,70.1,8,0,0.681192660550459
"441",2,60.3,10,0,0.376146788990826
"442",1,60.4,10,0,0.277522935779817
"443",3,65.2,9.9,0,0.493119266055046
"444",4,57.8,10,0,0.623853211009174
"445",5,60,10,0,0.495412844036697
"446",6,64.3,10,0,0.415137614678899
"447",7,67.6,9.6,0,0.63302752293578
"448",2,67.7,10,0,0.438073394495413
"449",1,65.3,8.8,1,0.527522935779816
"450",3,57.5,10,0,0.701834862385321
"451",4,58.4,10,0,0.596330275229358
"452",5,62.5,10,0,0.422018348623853
"453",6,63,10,0,0.369266055045872
"454",7,61.8,10,0,0.454128440366972
"455",2,64.1,10,0,0.440366972477064
"456",1,63.7,10,0,0.346330275229358
"457",3,63.1,9.8,0,0.573394495412844
"458",4,68.2,10,0,0.598623853211009
"459",5,72.7,10,0,0.669724770642202
"460",6,71.7,9.9,0,0.538990825688073
"461",7,73.5,8.5,0,0.694954128440367
"462",2,69.5,6.4,0,0.325688073394495
"463",1,67.2,4.2,0,0.112385321100917
"464",3,69.6,6.9,0,0.603211009174312
"465",4,60.8,10,0,0.502293577981651
"466",5,58.3,10,0,0.399082568807339
"467",6,58.4,10,0,0.467889908256881
"468",7,63.3,10,0,0.610091743119266
"469",2,65.2,10,0,0.461009174311927
"470",1,60.3,10,0,0.337155963302752
"471",3,58.2,10,0,0.194954128440367
"472",4,60,9.5,0,0.596330275229358
"473",5,60.6,10,0,0.442660550458716
"474",6,65.3,7,0,0.502293577981651
"475",7,63.5,9.6,0,0.745412844036697
"476",2,58.3,10,0,0.26605504587156
"477",1,57.4,10,0,0.309633027522936
"478",3,57.4,10,0,0.598623853211009
"479",4,59.5,10,0,0.424311926605505
"480",5,51.8,10,0,0.465596330275229
"481",6,47.4,10,0,0.635321100917431
"482",7,46.3,10,0,0.669724770642202
"483",2,47.9,10,0,0.621559633027523
"484",1,52.1,10,0,0.360091743119266
"485",3,51.5,10,0,0.607798165137615
"486",4,50.2,10,0,0.561926605504587
"487",5,52.8,9.6,0,0.465596330275229
"488",6,59.7,6.2,0,0.596330275229358
"489",7,66.2,9.5,0,0.814220183486238
"490",2,61.3,10,0,0.44954128440367
"491",1,49.6,10,0,0.137614678899083
"492",3,39.4,10,0,0.694954128440367
"493",4,46.8,10,0,0.355504587155963
"494",5,54.4,10,0,0.642201834862385
"495",6,57.8,9.4,0,0.667431192660551
"496",7,45,10,0,0.75
"497",2,43.7,10,0,0.495412844036697
"498",1,49.6,10,0,0.272935779816514
"499",3,48.2,10,0,0.231651376146789
"500",4,42.8,9.5,0,0.669724770642202
"501",5,33.1,10,0,0.545871559633027
"502",6,40.7,10,0,0.607798165137615
"503",7,50,10,0,0.600917431192661
"504",2,52.3,9.4,0,0.589449541284404
"505",1,54.6,5.1,0,0.408256880733945
"506",3,60.4,7.9,0,0.587155963302752
"507",4,47.1,10,0,0.561926605504587
"508",5,37.5,10,0,0.577981651376147
"509",6,42.1,10,0,0.626146788990826
"510",7,52.8,8.9,0,0.795871559633027
"511",2,46.3,9.8,0,0.415137614678899
"512",1,27.6,9.7,1,0.318807339449541
"513",3,27.5,10,0,0.814220183486238
"515",5,48.5,5.5,0,0.887614678899083
"516",6,33.2,10,0,0.169724770642202
"517",7,33.7,10,0,0.188073394495413
"518",2,31.2,10,0,0.284403669724771
"519",1,41.3,10,0,0.149082568807339
"520",3,45.1,8.2,0,0.444954128440367
"521",4,44.8,6.9,0,0.454128440366972
"522",5,45.7,6.4,0,0.378440366972477
"523",6,52.8,5,1,0.5
"524",7,52.4,6,0,0.926605504587156
"525",2,38.2,7.8,0,0.486238532110092
"526",1,31.6,9,0,0.231651376146789
"527",3,34.6,4.2,0,0.651376146788991
"528",4,35.7,6.3,1,0.422018348623853
"529",5,30.1,10,0,0.573394495412844
"530",6,26.8,10,0,0.672018348623853
"531",7,27.8,10,0,0.779816513761468
"532",2,28.2,5.7,1,0.768348623853211
"533",1,33.1,6.2,1,0.217889908256881
"534",3,30.3,10,0,0.653669724770642
"535",4,27.3,6.1,1,0.798165137614679
"536",5,28.9,9.7,0,0.793577981651376
"537",6,36.5,9.7,0,0.577981651376147
"538",7,46.8,10,0,0.731651376146789
"539",2,55.4,9.8,0,0.55045871559633
"540",1,65.5,10,0,0.344036697247706
"541",3,59.8,7.5,0,0.807339449541284
"542",4,38.8,10,0,0.36697247706422
"544",6,31.9,10,0,0.16743119266055
"545",7,35.2,10,0,0.277522935779817
"546",2,43,10,0,0.275229357798165
"547",1,45.9,7.6,0,0.0894495412844037
"548",3,39.8,9.8,0,0.277522935779817
"549",4,26,9.9,0,0.252293577981651
"550",5,28.2,10,0,0.196319018404908
"551",6,28.5,9.2,0,0.613496932515337
"552",7,15.6,3.8,1,0.245398773006135
"553",2,15.8,10,0,0.235173824130879
"554",1,30.3,6.4,1,0.0347648261758691
"555",3,45.6,3.6,1,0.439672801635992
"556",4,12.3,999.9,0,0.384458077709611
"557",5,12.9,10,0,0.640081799591002
"558",6,25.3,10,0,0.52760736196319
"559",7,32.3,6.4,0,0.744376278118609
"560",2,47.7,3.1,1,0.331288343558282
"561",1,47.6,9.7,0,0.173824130879346
"562",3,42.7,9.8,0,0.541922290388548
"563",4,48.3,8.5,0,0.523517382413088
"564",5,42.6,8.8,0,0.572597137014315
"565",6,39.4,999.9,0,0.445807770961145
"566",7,37.8,999.9,0,0.584867075664622
"567",2,37.6,999.9,0,0.296523517382413
"568",1,29.1,999.9,0,0.157464212678937
"569",3,39,999.9,0,0.116564417177914
"571",5,12.3,999.9,0,0.398773006134969
"572",6,13.1,999.9,0,0.631901840490798
"573",7,14.7,999.9,0,0.822085889570552
"574",2,21.8,5.3,0,0.351738241308793
"575",1,21.4,9.8,0,0.331288343558282
"576",3,34.8,10,0,0.425357873210634
"577",4,17.8,10,0,0.411042944785276
"578",5,17.4,8.4,0,0.707566462167689
"579",6,21.2,10,0,0.723926380368098
"580",7,30.7,10,0,0.525562372188139
"581",2,39.1,9.9,0,0.417177914110429
"582",1,45.1,7.8,0,0.233128834355828
"584",4,28.3,3.8,0,0.633946830265849
"585",5,31.8,4.1,1,0.337423312883436
"586",6,27.3,9.5,0,0.543967280163599
"587",7,27.6,10,0,0.760736196319018
"588",2,25.9,10,0,0.247443762781186
"589",1,25.5,9.3,0,0.300613496932515
"590",3,25.1,7.6,1,0.766871165644172
"591",4,21.7,10,0,0.680981595092024
"592",5,18.9,10,0,0.689161554192229
"593",6,29.9,3.6,1,0.294478527607362
"594",7,35.5,6.3,1,1
"595",2,35.6,7,1,0.43558282208589
"596",1,26.6,9.1,0,0.329243353783231
"597",3,23.7,10,0,0.384458077709611
"598",4,32,7.1,1,0.439672801635992
"599",5,38.4,6.8,0,0.50920245398773
"600",6,42.8,9.5,0,0.517382413087935
"601",7,39.4,2.9,1,0.494887525562372
"602",2,46,10,0,0.580777096114519
"603",1,48.6,10,0,0.226993865030675
"604",3,39.1,10,0,0.543967280163599
"605",4,28.2,10,0,0.429447852760736
"606",5,27.4,8.9,0,0.425357873210634
"607",6,24.6,9.7,0,0.548057259713701
"608",7,16.5,10,0,0.719836400817996
"609",2,27.2,10,0,0.396728016359918
"610",1,36.9,9.8,0,0.0838445807770961
"611",3,25.3,8.7,0,0.280163599182004
"612",4,20.1,10,0,0.468302658486708
"613",5,31.3,10,0,0.384458077709611
"614",6,24.5,10,0,0.521472392638037
"615",7,30.2,10,0,0.470347648261759
"616",2,42.8,10,0,0.433537832310838
"617",1,41.4,9.6,0,0.206543967280164
"618",3,42.3,9.7,0,0.429447852760736
"619",4,53.6,9.9,0,0.423312883435583
"620",5,52.5,7.9,0,0.433537832310838
"621",6,28.7,9.1,0,0.494887525562372
"622",7,30.5,10,0,0.576687116564417
"623",2,49.9,10,0,0.441717791411043
"624",1,37,10,0,0.222903885480573
"625",3,28.9,10,0,0.441717791411043
"626",4,33.9,10,0,0.507157464212679
"627",5,36.9,9.4,0,0.45398773006135
"628",6,45.6,6.6,0,0.664621676891616
"629",7,44.1,10,0,0.584867075664622
"630",2,49.9,10,0,0.388548057259714
"631",1,40.9,10,0,0.253578732106339
"632",3,28,10,0,0.498977505112474
"633",4,32.4,10,0,0.349693251533742
"634",5,33.1,10,0,0.531697341513292
"635",6,30.5,10,0,0.480572597137014
"636",7,48,9.6,0,0.464212678936605
"637",2,50.7,7.5,0,0.543967280163599
"638",1,45.3,5.6,0,0.274028629856851
"639",3,43.5,9.5,0,0.523517382413088
"640",4,46.8,10,0,0.503067484662577
"641",5,47.3,9.8,0,0.441717791411043
"642",6,53.6,10,0,0.591002044989775
"643",7,44.4,8,0,0.652351738241309
"644",2,45.8,8.1,0,0.566462167689162
"645",1,45.3,10,0,0.370143149284254
"646",3,47.2,7.8,0,0.470347648261759
"647",4,52.6,4.7,1,0.619631901840491
"648",5,52.2,10,0,0.597137014314928
"649",6,50.5,10,0,0.699386503067485
"650",7,62.1,10,0,0.625766871165644
"651",2,60.4,10,0,0.562372188139059
"652",1,63,9.8,0,0.366053169734151
"653",3,67.3,10,0,0.431492842535787
"654",4,58.5,7.6,0,0.304703476482618
"655",5,38.8,8.5,0,0.54601226993865
"656",6,41.6,10,0,0.419222903885481
"657",7,41.4,10,0,0.394683026584867
"658",2,52.6,10,0,0.45398773006135
"659",1,52.1,10,0,0.184049079754601
"660",3,52,10,0,0.445807770961145
"661",4,59,9.9,0,0.319018404907975
"662",5,55.7,9.9,0,0.476482617586912
"663",6,50.5,10,0,0.578732106339468
"664",7,52.6,10,0,0.642126789366053
"665",2,53,8.5,0,0.503067484662577
"666",1,51.9,9.6,0,0.298568507157464
"667",3,54.5,10,0,0.601226993865031
"668",4,49.7,10,0,0.515337423312883
"669",5,44.2,4.1,0,0.711656441717791
"670",6,61.1,4.7,1,0.70961145194274
"671",7,63.4,10,0,0.807770961145194
"672",2,61.3,9.8,0,0.586912065439673
"673",1,57.6,9.7,0,0.302658486707566
"674",3,58.4,10,0,0.644171779141104
"675",4,60.3,10,0,0.535787321063395
"676",5,59.1,10,0,0.613496932515337
"677",6,55.9,5.2,0,0.59918200408998
"678",7,58,3.5,0,0.574642126789366
"679",2,65.6,3.9,1,0.505112474437628
"680",1,70.1,9.6,0,0.574642126789366
"681",3,73.8,10,0,0.568507157464213
"682",4,68.5,9.6,0,0.525562372188139
"683",5,58.2,9.6,0,0.685071574642127
"684",6,63.1,4,0,0.7280163599182
"685",7,65.9,5.4,0,0.811860940695297
"686",2,61.6,8.7,0,0.646216768916155
"687",1,60,10,0,0.417177914110429
"688",3,60.3,10,0,0.550102249488753
"689",4,66.2,10,0,0.70961145194274
"690",5,69.5,10,0,0.556237218813906
"691",6,62.7,4.9,1,0.593047034764826
"692",7,62.2,5,0,0.730061349693252
"693",2,60.2,7.2,1,0.374233128834356
"694",1,65.8,8,0,0.34560327198364
"695",3,74.7,10,0,0.265848670756646
"696",4,78.3,9.9,0,0.699386503067485
"697",5,61.5,9.2,0,0.480572597137014
"698",6,56.3,10,0,0.736196319018405
"699",7,63.3,9.9,0,0.70961145194274
"700",2,64.2,10,0,0.580777096114519
"701",1,64.8,10,0,0.615541922290389
"702",3,69.7,10,0,0.695296523517382
"703",4,75.3,8.9,0,0.736196319018405
"704",5,70.8,6.3,0,0.570552147239264
"705",6,68.1,6.5,0,0.543967280163599
"706",7,67.7,10,0,0.899795501022495
"707",2,71,10,0,0.65439672801636
"708",1,75,10,0,0.43558282208589
"709",3,67.4,4.6,1,0.460122699386503
"710",4,69.5,5.4,0,0.543967280163599
"711",5,67,8.7,0,0.558282208588957
"712",6,64.7,6.6,0,0.531697341513292
"713",7,69.5,4.1,1,0.828220858895706
"714",2,69,7.4,0,0.633946830265849
"715",1,67.7,10,0,0.351738241308793
"716",3,72.3,10,0,0.652351738241309
"717",4,77.7,9,0,0.742331288343558
"718",5,83.4,9.7,0,0.736196319018405
"719",6,74.9,10,0,0.760736196319018
"720",7,71.8,9.3,0,0.94478527607362
"721",2,70.4,10,0,0.519427402862986
"722",1,69.8,10,0,0.355828220858896
"723",3,71.8,10,0,0.697341513292434
"724",4,73.1,10,0,0.67280163599182
"725",5,75.4,9,0,0.701431492842536
"726",6,76.6,9,0,0.750511247443763
"727",7,75.1,10,0,0.730061349693252
"728",2,74.5,10,0,0.629856850715746
"729",1,74.4,10,0,0.480572597137014
"730",3,75.7,10,0,0.627811860940695
"731",4,79.1,10,0,0.640081799591002
"732",5,81.3,8.6,1,0.725971370143149
"733",6,77.3,5.8,1,0.893660531697341
"734",7,70.4,6.2,1,0.116564417177914
"735",2,71.4,10,0,0.413087934560327
"736",1,76,10,0,0.302658486707566
"737",3,79.8,9.6,0,0.6359918200409
"738",4,81.4,8.1,0,0.595092024539877
"739",5,78.8,9.8,0,0.543967280163599
"740",6,75.4,9.6,0,0.574642126789366
"741",7,76.8,10,0,0.693251533742331
"742",2,76.2,9.8,0,0.505112474437628
"743",1,75.8,9.3,0,0.278118609406953
"744",3,75.7,7.2,0,0.539877300613497
"745",4,75.3,4.4,1,0.580777096114519
"746",5,73.3,6.6,0,0.507157464212679
"747",6,73.6,10,0,0.580777096114519
"748",7,73.4,10,0,0.658486707566462
"749",2,72.2,10,0,0.361963190184049
"750",1,71.9,10,0,0.302658486707566
"751",3,73.9,9.8,0,0.519427402862986
"752",4,77,9.9,0,0.580777096114519
"753",5,79.7,9.8,0,0.588957055214724
"754",6,75.1,8.7,0,0.482617586912065
"755",7,73.7,10,0,0.715746421267894
"756",2,73.9,10,0,0.47239263803681
"757",1,77,9.1,0,0.353783231083845
"758",3,75.8,9,0,0.597137014314928
"759",4,69.6,10,0,0.456032719836401
"760",5,70.8,10,0,0.61758691206544
"761",6,73.5,9.8,0,0.660531697341513
"762",7,75.5,7.8,0,0.744376278118609
"763",2,70.4,8,0,0.484662576687117
"764",1,69.5,7.5,0,0.353783231083845
"765",3,75,9.4,0,0.584867075664622
"766",4,78.6,10,0,0.619631901840491
"767",5,76.3,9.8,0,0.529652351738241
"768",6,74.4,10,0,0.576687116564417
"769",7,73.2,10,0,0.609406952965235
"770",2,76,10,0,0.480572597137014
"771",1,77.5,10,0,0.427402862985685
"772",3,77.5,10,0,0.615541922290389
"773",4,74.4,9.5,0,0.384458077709611
"774",5,72.5,7.5,0,0.550102249488753
"775",6,70.9,10,0,0.658486707566462
"776",7,68,10,0,0.447852760736196
"777",2,70.3,10,0,0.384458077709611
"778",1,73.6,10,0,0.353783231083845
"779",3,72,10,0,0.597137014314928
"780",4,72.2,9.8,0,0.43558282208589
"781",5,75.1,10,0,0.507157464212679
"782",6,73.9,9.7,0,0.539877300613497
"783",7,70.6,8.1,0,0.541922290388548
"784",2,70.4,10,0,0.30879345603272
"785",1,70.7,10,0,0.274028629856851
"786",3,74.3,10,0,0.503067484662577
"787",4,77.7,9.5,0,0.623721881390593
"788",5,78.5,9.9,0,0.480572597137014
"789",6,76.4,10,0,0.644171779141104
"790",7,69.6,10,0,0.670756646216769
"791",2,71.4,10,0,0.423312883435583
"792",1,77,8.5,1,0.392638036809816
"793",3,79.3,9.3,0,0.18200408997955
"794",4,83.5,9.9,0,0.811860940695297
"795",5,79.4,10,0,0.566462167689162
"796",6,77.9,10,0,0.867075664621677
"797",7,78.2,8.9,0,0.703476482617587
"798",2,80.9,8.4,0,0.511247443762781
"799",1,72.6,9.9,0,0.355828220858896
"800",3,70.1,10,0,0.603271983640082
"801",4,68.1,10,0,0.591002044989775
"802",5,69.4,10,0,0.644171779141104
"803",6,73.9,10,0,0.646216768916155
"804",7,70.1,10,0,0.87321063394683
"805",2,63.9,8.6,0,0.521472392638037
"806",1,60.9,9.4,0,0.460122699386503
"807",3,62.8,10,0,0.627811860940695
"808",4,63.5,8.3,0,0.633946830265849
"809",5,64.3,10,0,0.725971370143149
"810",6,65.8,10,0,0.70961145194274
"811",7,61.6,10,0,0.705521472392638
"812",2,65,9.9,0,0.595092024539877
"813",1,70.2,5.1,0,0.433537832310838
"814",3,67.3,9.9,0,0.734151329243354
"815",4,60.1,10,0,0.591002044989775
"816",5,64.1,10,0,0.537832310838446
"817",6,61.7,8.6,0,0.384458077709611
"818",7,66.2,10,0,0.695296523517382
"819",2,70.7,10,0,0.607361963190184
"820",1,73.1,9.8,0,0.427402862985685
"821",3,72.4,9.9,0,0.537832310838446
"822",4,68.8,9.4,0,0.584867075664622
"823",5,63.2,8.4,0,0.523517382413088
"824",6,63.5,9.8,0,0.521472392638037
"825",7,62.9,10,0,0.850715746421268
"826",2,64.2,7.3,1,0.466257668711656
"827",1,53.1,10,0,0.413087934560327
"828",3,58.6,10,0,0.687116564417178
"829",4,66.2,10,0,0.648261758691207
"830",5,66.7,9.5,0,0.687116564417178
"831",6,62.6,10,0,0.40081799591002
"832",7,58.7,10,0,0.486707566462168
"833",2,54.9,7.8,0,0.496932515337423
"834",1,54,9.9,0,0.347648261758691
"835",3,58.7,9.4,0,0.302658486707566
"836",4,67.9,7.9,0,0.805725971370143
"837",5,71.4,9,0,0.556237218813906
"838",6,68.8,5.2,1,0.611451942740286
"839",7,64.6,9.7,0,0.705521472392638
"840",2,63.8,10,0,0.390593047034765
"841",1,53.4,10,0,0.368098159509202
"842",3,49.4,9.8,0,0.588957055214724
"843",4,60.2,10,0,0.621676891615542
"844",5,55.5,7.1,0,0.828220858895706
"845",6,51.4,7.1,0,0.687116564417178
"846",7,54.7,10,0,0.748466257668712
"847",2,58.1,10,0,0.433537832310838
"848",1,58.4,9.9,0,0.433537832310838
"849",3,56,10,0,0.693251533742331
"850",4,60.6,10,0,0.548057259713701
"851",5,64.5,9.3,0,0.517382413087935
"852",6,52.5,9.9,0,0.660531697341513
"853",7,49.9,10,0,0.74642126789366
"854",2,46.5,8.9,0,0.721881390593047
"855",1,44.1,9.9,0,0.468302658486708
"856",3,47.6,10,0,0.658486707566462
"857",4,59.5,10,0,0.480572597137014
"858",5,60.4,10,0,0.513292433537832
"859",6,52,5.9,0,0.713701431492842
"860",7,49,8.5,0,0.69120654396728
"861",2,41.9,10,0,0.49079754601227
"862",1,50,10,0,0.23721881390593
"863",3,51.9,10,0,0.525562372188139
"864",4,56.4,8.9,0,0.388548057259714
"865",5,59.5,5.7,1,0.496932515337423
"866",6,45.1,9.9,0,0.803680981595092
"867",7,38.6,8.3,0,0.717791411042945
"868",2,37.2,10,0,0.462167689161554
"869",1,40,10,0,0.257668711656442
"870",3,43.7,4.2,1,0.742331288343558
"871",4,35.4,9.9,0,0.83640081799591
"872",5,26.7,10,0,0.674846625766871
"873",6,38.2,10,0,0.678936605316973
"874",7,32.3,10,0,0.764826175869121
"875",2,34.3,10,0,0.427402862985685
"876",1,47.4,10,0,0.249488752556237
"877",3,60.7,7.9,0,0.856850715746421
"878",4,60,10,0,0.605316973415133
"879",5,42.9,6.4,0,0.897750511247444
"880",6,36.3,8.6,0,0.153374233128834
"881",7,33.5,10,0,0.288343558282209
"882",2,31.4,10,0,0.186094069529652
"883",1,47.5,10,0,0.151329243353783
"884",3,55.4,9.8,0,0.697341513292434
"885",4,39.4,9.3,0,0.629856850715746
"886",5,43.8,5.4,0,0.543967280163599
"887",6,41.2,10,0,0.619631901840491
"888",7,38.4,9.4,0,0.756646216768916
"889",2,44.8,3,0,0.664621676891616
"890",1,38.2,9.1,0,0.388548057259714
"891",3,29.2,10,0,0.56441717791411
"892",4,38.2,6.3,0,0.699386503067485
"893",5,37.7,7,0,0.707566462167689
"894",6,34.1,8.8,0,0.748466257668712
"895",7,34.5,10,0,0.785276073619632
"896",2,37.5,10,0,0.595092024539877
"897",1,41,10,0,0.278118609406953
"898",3,41.6,10,0,0.852760736196319
"899",4,43.2,8.3,0,0.699386503067485
"900",5,47.4,6.7,0,0.515337423312883
"901",6,40.7,10,0,0.650306748466258
"902",7,36.2,10,0,0.713701431492842
"903",2,31.7,10,0,0.413087934560327
"904",1,32.4,9.6,0,0.216768916155419
"905",3,37.4,8.5,0,0.537832310838446
"906",4,44.4,4.2,0,0.877300613496933
"907",5,45.5,3.3,0,0.441717791411043
"908",6,53.2,7.7,0,0
"909",7,44.9,10,0,0.292433537832311
"910",2,47.7,10,0,0.210633946830266
"911",1,49.4,9.1,0,0.0940695296523517
"912",3,41.4,10,0,0.220858895705521
"913",4,32.5,10,0,0.339468302658487
"914",5,29.4,10,0,0.323108384458078
"915",6,31.4,10,0,0.16023166023166
"916",7,38.7,10,0,0.250965250965251
"917",2,35.5,7.6,0,0.277992277992278
"918",1,45.4,5.8,0,0.133204633204633
"919",3,40.9,9.7,0,0.359073359073359
"920",4,21,7.3,0,0.897683397683398
"921",5,20.7,9.7,0,0.436293436293436
"922",6,13,10,0,0.503861003861004
"923",7,24.9,8.7,0,0.847490347490347
"924",2,21.1,10,0,0.326254826254826
"925",1,25.7,10,0,0.055984555984556
"926",3,36.9,6.6,0,0.517374517374517
"927",4,29.5,9.8,0,0.581081081081081
"928",5,22.8,10,0,0.374517374517374
"929",6,29.5,10,0,0.455598455598456
"930",7,33.4,9.5,0,0.484555984555985
"931",2,22.2,10,0,0.353281853281853
"933",3,39.2,9.4,0,0.355212355212355
"934",4,37.5,10,0,0.362934362934363
"935",5,31.4,10,0,0.353281853281853
"936",6,34.4,8.3,0,0.378378378378378
"937",7,32.7,10,0,0.552123552123552
"938",2,35.4,4.2,1,0.223938223938224
"939",1,37.8,9.9,0,0.181467181467181
"940",3,26.5,5.6,1,0.332046332046332
"942",5,23.6,10,0,0.281853281853282
"943",6,26.6,10,0,0.3996138996139
"944",7,34.2,7.8,0,0.598455598455598
"945",2,19.6,10,0,0.413127413127413
"946",1,27.6,9.9,0,0.0945945945945946
"947",3,29.9,3,1,0.71042471042471
"948",4,18.1,8.9,0,0.826254826254826
"949",5,31.2,9.1,0,0.527027027027027
"950",6,33.8,10,0,0.496138996138996
"951",7,17.9,10,0,0.656370656370656
"952",2,29.8,9,0,0.264478764478765
"953",1,35.1,5.9,0,0.158301158301158
"954",3,27.7,8.8,0,0.453667953667954
"955",4,30,9.6,0,0.5
"956",5,28.3,10,0,0.575289575289575
"957",6,32.3,8.9,0,0.413127413127413
"958",7,16.1,10,0,0.859073359073359
"959",2,23.4,8.5,0,0.239382239382239
"960",1,18.9,8.8,0,0.274131274131274
"961",3,9.8,10,0,0.173745173745174
"962",4,20.2,6.7,0,0.594594594594595
"963",5,24.9,9.6,0,0.606177606177606
"964",6,20.9,9.7,0,0.391891891891892
"965",7,10,10,0,0.596525096525097
"966",2,20.5,7.7,0,0.395752895752896
"967",1,34.3,4.5,1,0.3996138996139
"968",3,28.2,10,0,0.505791505791506
"969",4,12.1,10,0,0.517374517374517
"970",5,27.6,10,0,0.61003861003861
"971",6,26.8,9.7,0,0.438223938223938
"972",7,23.2,10,0,0.754826254826255
"973",2,21.5,10,0,0.436293436293436
"974",1,27.2,7.3,1,0.735521235521235
"975",3,32.4,7.5,0,0.652509652509653
"976",4,28.2,8.5,0,0.615830115830116
"977",5,38.5,5.4,0,0.505791505791506
"978",6,30.3,2.2,1,1
"980",2,26.1,9.8,0,0.513513513513513
"981",1,41.4,9.8,0,0.293436293436293
"982",3,46.6,9.8,0,0.673745173745174
"983",4,47.2,8.5,0,0.525096525096525
"984",5,48.8,6.5,0,0.488416988416988
"985",6,45.1,10,0,0.528957528957529
"986",7,37.6,10,0,0.573359073359073
"987",2,44,6.4,0,0.376447876447876
"988",1,42.4,9.3,0,0.283783783783784
"989",3,40.7,10,0,0.418918918918919
"990",4,49.7,9.5,0,0.416988416988417
"991",5,33.9,10,0,0.453667953667954
"992",6,34,10,0,0.521235521235521
"993",7,34.5,6.7,1,0.498069498069498
"994",2,33.7,4.8,0,0.376447876447876
"995",1,39.1,9.7,0,0.231660231660232
"996",3,30.3,10,0,0.528957528957529
"997",4,33.8,10,0,0.557915057915058
"998",5,39.9,9.7,0,0.436293436293436
"999",6,46.9,5,0,0.411196911196911
"1000",7,43.9,9.1,0,0.424710424710425
"1001",2,37.2,9.8,0,0.283783783783784
"1002",1,33.4,9.7,0,0.372586872586873
"1003",3,43.3,9.8,0,0.471042471042471
"1004",4,42.2,9.5,0,0.61003861003861
"1005",5,38.9,9.5,0,0.648648648648649
"1006",6,51.8,10,0,0.658301158301158
"1007",7,61.1,9.1,0,0.345559845559846
"1008",2,52.9,8.6,0,0.376447876447876
"1009",1,49.3,10,0,0.212355212355212
"1010",3,50.8,10,0,0.382239382239382
"1011",4,54.9,9.4,0,0.27027027027027
"1012",5,42.3,9.1,0,0.27992277992278
"1013",6,38.8,8.8,0,0.27027027027027
"1014",7,44.6,5,0,0.335907335907336
"1015",2,54.1,9.5,0,0.50965250965251
"1016",1,51.3,10,0,0.252895752895753
"1017",3,57.7,10,0,0.467181467181467
"1018",4,60.7,10,0,0.444015444015444
"1019",5,61,10,0,0.546332046332046
"1020",6,58,10,0,0.478764478764479
"1021",7,60.5,9.5,0,0.708494208494209
"1022",2,68,10,0,0.565637065637066
"1023",1,58.7,10,0,0.306949806949807
"1024",3,51.1,5.6,1,0.613899613899614
"1025",4,56.3,5.8,1,0.642857142857143
"1026",5,57.7,9.6,0,0.494208494208494
"1027",6,46.8,10,0,0.579150579150579
"1028",7,43.5,10,0,0.702702702702703
"1029",2,47,10,0,0.540540540540541
"1030",1,54.1,10,0,0.318532818532819
"1031",3,54.5,10,0,0.474903474903475
"1032",4,59,10,0,0.581081081081081
"1033",5,64.9,10,0,0.708494208494209
"1034",6,55.6,10,0,0.633204633204633
"1035",7,53.6,10,0,0.637065637065637
"1036",2,55.1,10,0,0.44015444015444
"1037",1,61.6,10,0,0.469111969111969
"1038",3,70.1,9.5,0,0.635135135135135
"1039",4,73.7,10,0,0.629343629343629
"1040",5,68.1,10,0,0.494208494208494
"1041",6,66.2,10,0,0.718146718146718
"1042",7,66.9,6.8,0,0.766409266409266
"1043",2,62.3,6,0,0.478764478764479
"1044",1,70,7,0,0.457528957528958
"1045",3,75.3,8.5,0,0.642857142857143
"1046",4,75.6,8.5,0,0.718146718146718
"1047",5,64.5,10,0,0.662162162162162
"1048",6,60,10,0,0.66023166023166
"1049",7,63.1,10,0,0.793436293436293
"1050",2,65.4,8.6,0,0.652509652509653
"1051",1,72.2,5.6,0,0.445945945945946
"1052",3,67.2,7.2,0,0.49034749034749
"1053",4,65.2,5.7,0,0.567567567567568
"1054",5,62,9.7,0,0.683397683397683
"1055",6,56.7,10,0,0.584942084942085
"1056",7,62.1,10,0,0.801158301158301
"1057",2,59.3,10,0,0.451737451737452
"1058",1,66.2,10,0,0.231660231660232
"1059",3,73.8,10,0,0.208494208494208
"1060",4,76.1,10,0,0.722007722007722
"1061",5,75.7,8.9,0,0.743243243243243
"1062",6,75.9,7.7,0,0.714285714285714
"1063",7,73.6,10,0,0.967181467181467
"1064",2,73.5,9.9,0,0.598455598455598
"1065",1,74.4,8.5,1,0.469111969111969
"1066",3,58,5.3,0,0.731660231660232
"1067",4,52.4,6.1,0,0.637065637065637
"1068",5,58,9,0,0.667953667953668
"1069",6,58,10,0,0.463320463320463
"1070",7,59.4,8.1,0,0.733590733590734
"1071",2,65.9,7.6,0,0.552123552123552
"1072",1,65,10,0,0.476833976833977
"1073",3,68.6,9.9,0,0.621621621621622
"1074",4,73.7,8.6,0,0.656370656370656
"1075",5,74,10,0,0.685328185328185
"1076",6,79.6,7.3,0,0.683397683397683
"1077",7,81.6,8,0,0.268339768339768
"1078",2,81.4,10,0,0.16023166023166
"1079",1,77.9,10,0,0.513513513513513
"1080",3,70.8,3.6,0,0.374517374517374
"1081",4,69.9,6.2,0,0.542471042471042
"1082",5,73.3,9.5,0,0.760617760617761
"1083",6,66.8,9.8,0,0.584942084942085
"1084",7,74.6,9.5,0,0.810810810810811
"1085",2,70.1,8.2,0,0.372586872586873
"1086",1,76.3,6.1,0,0.594594594594595
"1087",3,78.3,9.8,0,0.891891891891892
"1088",4,82.1,8.9,0,0.754826254826255
"1089",5,76.7,10,0,0.8996138996139
"1090",6,75,10,0,0.691119691119691
"1091",7,74.4,10,0,0.891891891891892
"1092",2,67.7,8.8,0,0.546332046332046
"1093",1,64.3,5.5,0,0.43050193050193
"1094",3,70.3,10,0,0.675675675675676
"1095",4,74.5,10,0,0.598455598455598
"1096",5,75,6.8,1,0.716216216216216
"1097",6,74.7,9.6,0,0.561776061776062
"1098",7,73.5,9.9,0,0.457528957528958
"1099",2,72,9.9,0,0.148648648648649
"1100",1,74.6,9.2,0,0.299227799227799
"1101",3,76.8,8.7,0,0.552123552123552
"1102",4,78.7,8.4,1,0.644787644787645
"1103",5,80.5,7.5,0,0.594594594594595
"1104",6,74.7,7.6,0,0.492277992277992
"1105",7,76.1,8,0,0.766409266409266
"1106",2,78.7,9.9,0,0.55019305019305
"1107",1,79.9,9.9,0,0.403474903474904
"1108",3,79.5,9.5,0,0.687258687258687
"1109",4,75.3,9.1,1,0.666023166023166
"1110",5,77,6.3,1,0.577220077220077
"1111",6,72.8,10,0,0.722007722007722
"1112",7,72.5,10,0,0.66988416988417
"1113",2,76.2,8.8,1,0.480694980694981
"1114",1,84.9,9.7,0,0.44980694980695
"1115",3,88,9.2,0,0.801158301158301
"1116",4,83.7,9.6,0,0.567567567567568
"1117",5,77.3,10,0,0.590733590733591
"1118",6,76.7,10,0,0.6003861003861
"1119",7,77.8,10,0,0.343629343629344
"1120",2,78.2,10,0,0.268339768339768
"1121",1,79.8,10,0,0.461389961389961
"1122",3,78.5,9,0,0.606177606177606
"1123",4,82.7,9.4,0,0.638996138996139
"1124",5,85.4,9.4,0,0.611969111969112
"1125",6,80.5,6.9,1,0.781853281853282
"1126",7,80.5,8.6,0,0.851351351351351
"1127",2,81.6,10,0,0.687258687258687
"1128",1,79.9,10,0,0.459459459459459
"1129",3,81.3,10,0,0.758687258687259
"1130",4,80.7,9.6,1,0.683397683397683
"1131",5,79.3,10,0,0.592664092664093
"1132",6,75.6,10,0,0.613899613899614
"1133",7,76.4,10,0,0.799227799227799
"1134",2,74.7,10,0,0.44980694980695
"1135",1,75,10,0,0.341698841698842
"1136",3,74.9,10,0,0.577220077220077
"1137",4,74.9,7.8,0,0.557915057915058
"1138",5,77,10,0,0.638996138996139
"1139",6,75.4,10,0,0.776061776061776
"1140",7,77.1,10,0,0.805019305019305
"1141",2,80.7,10,0,0.521235521235521
"1142",1,82.8,10,0,0.463320463320463
"1143",3,84.4,9.5,0,0.540540540540541
"1144",4,81.8,8.7,0,0.6003861003861
"1145",5,80,10,0,0.544401544401544
"1146",6,80.5,10,0,0.555984555984556
"1147",7,78.7,9.1,0,0.851351351351351
"1148",2,76.9,9.2,0,0.519305019305019
"1149",1,76,10,0,0.347490347490348
"1150",3,78.2,9.9,0,0.507722007722008
"1151",4,80.9,9.7,0,0.546332046332046
"1152",5,76,10,0,0.567567567567568
"1153",6,73.8,10,0,0.583011583011583
"1154",7,72.7,10,0,0.573359073359073
"1155",2,75.7,10,0,0.438223938223938
"1156",1,79.1,10,0,0.484555984555985
"1157",3,81.7,8.5,0,0.583011583011583
"1158",4,82,8.5,0,0.606177606177606
"1159",5,81.1,7.5,0,0.66023166023166
"1160",6,82.6,6.8,0,0.681467181467181
"1161",7,80.6,7.3,0,0.638996138996139
"1162",2,74,10,0,0.442084942084942
"1163",1,74.1,10,0,0.370656370656371
"1164",3,78.4,10,0,0.333976833976834
"1165",4,84.2,9.8,0,0.932432432432432
"1166",5,82,10,0,0.826254826254826
"1167",6,75.2,6.2,1,0.77992277992278
"1168",7,72.3,8.4,0,0.874517374517375
"1169",2,74,10,0,0.467181467181467
"1170",1,72,8.6,0,0.32046332046332
"1171",3,66.4,10,0,0.515444015444015
"1172",4,72,10,0,0.515444015444015
"1173",5,75.8,10,0,0.841698841698842
"1174",6,77,10,0,0.833976833976834
"1175",7,76.3,9.8,0,0.864864864864865
"1176",2,74.7,9.3,0,0.662162162162162
"1177",1,73.9,10,0,0.471042471042471
"1178",3,65.8,10,0,0.602316602316602
"1179",4,66.8,10,0,0.5
"1180",5,68.4,10,0,0.364864864864865
"1181",6,69.7,10,0,0.592664092664093
"1182",7,69,10,0,0.527027027027027
"1183",2,66.5,10,0,0.472972972972973
"1184",1,63.5,10,0,0.349420849420849
"1185",3,70.1,9.6,0,0.528957528957529
"1186",4,75.6,9.7,0,0.472972972972973
"1187",5,73.5,7.4,0,0.621621621621622
"1188",6,59.8,9.8,0,0.716216216216216
"1189",7,52.7,7.7,0,0.938223938223938
"1190",2,50.2,6.9,0,0.471042471042471
"1191",1,56.5,10,0,0.432432432432432
"1192",3,57.7,10,0,0.55019305019305
"1193",4,61.2,10,0,0.615830115830116
"1194",5,64.9,10,0,0.687258687258687
"1195",6,63.8,10,0,0.683397683397683
"1196",7,66.6,8.3,1,0.872586872586873
"1197",2,58.9,9.9,0,0.650579150579151
"1198",1,59.3,10,0,0.476833976833977
"1199",3,64.4,10,0,0.372586872586873
"1200",4,65.8,9.9,0,0.795366795366795
"1201",5,63.8,10,0,0.667953667953668
"1202",6,58.2,10,0,0.716216216216216
"1203",7,58.5,10,0,0.702702702702703
"1204",2,51.6,10,0,0.488416988416988
"1205",1,43.5,10,0,0.461389961389961
"1206",3,42.9,10,0,0.685328185328185
"1207",4,56.2,10,0,0.776061776061776
"1208",5,65,9.9,0,0.787644787644788
"1209",6,65.4,9.7,0,0.683397683397683
"1210",7,58.8,9.8,0,0.83011583011583
"1211",2,48.4,10,0,0.3996138996139
"1212",1,59.1,9.7,0,0.405405405405405
"1213",3,51.8,10,0,0.745173745173745
"1214",4,51.9,10,0,0.615830115830116
"1215",5,58,7.2,1,0.727799227799228
"1216",6,67.2,8.2,0,0.878378378378378
"1217",7,55.8,10,0,0.725868725868726
"1218",2,49.1,10,0,0.0868725868725869
"1219",1,57.9,10,0,0
"1220",3,59.4,10,0,0.581081081081081
"1221",4,60.6,10,0,0.662162162162162
"1222",5,62.9,10,0,0.694980694980695
"1223",6,62.8,4.7,0,0.72972972972973
"1224",7,69.4,7.7,0,0.586872586872587
"1225",2,64.9,9.9,0,0.362934362934363
"1226",1,51.9,10,0,0.308880308880309
"1227",3,51.1,10,0,0.584942084942085
"1228",4,55,8,0,0.859073359073359
"1229",5,52.7,6.7,0,0.420849420849421
"1230",6,55.4,9.3,0,0.627413127413127
"1231",7,55.4,10,0,0.704633204633205
"1232",2,46.4,10,0,0.581081081081081
"1233",1,46.5,10,0,0.362934362934363
"1234",3,58.1,10,0,0.590733590733591
"1235",4,47.5,10,0,0.718146718146718
"1236",5,50.9,10,0,0.61003861003861
"1237",6,59.5,8.7,0,0.936293436293436
"1238",7,58.1,8.3,0,0.978764478764479
"1239",2,46.4,10,0,0.55019305019305
"1240",1,51.2,9.9,0,0.22972972972973
"1241",3,39.8,10,0,0.756756756756757
"1242",4,38.2,10,0,0.812741312741313
"1243",5,42.5,10,0,0.781853281853282
"1244",6,49,9.7,0,0.137065637065637
"1245",7,57.1,9.4,0,0.324324324324324
"1246",2,56.3,999.9,0,0.378378378378378
"1247",1,41.5,999.9,0,0.272200772200772
"1248",3,39.4,999.9,0,0.577220077220077
"1249",4,46.5,999.9,0,0.837837837837838
"1250",5,49.3,999.9,0,0.662162162162162
"1251",6,50.9,999.9,0,0.6003861003861
"1252",7,46.4,999.9,0,0.71042471042471
"1253",2,45.7,999.9,0,0.611969111969112
"1254",1,46.5,999.9,0,0.333976833976834
"1255",3,48,999.9,0,0.687258687258687
"1256",4,44.6,999.9,0,0.590733590733591
"1257",5,45.8,999.9,0,0.507722007722008
"1258",6,54.9,999.9,0,0.687258687258687
"1259",7,55.2,8,0,0.737451737451737
"1260",2,59.6,7.1,0,0.513513513513513
"1261",1,61.8,6.5,0,0.457528957528958
"1262",3,56.8,6.3,0,0.627413127413127
"1263",4,61.8,9,0,0.855212355212355
"1264",5,50.6,10,0,0.696911196911197
"1265",6,54.7,6.8,0,0.835907335907336
"1266",7,51.9,8.7,0,0.878378378378378
"1267",2,38.2,10,0,0.602316602316602
"1268",1,38.6,10,0,0.362934362934363
"1269",3,45,10,0,0.579150579150579
"1270",4,57.2,8.9,0,0.747104247104247
"1271",5,56.4,4.3,0,0.951737451737452
"1272",6,66.4,7.4,0,0.561776061776062
"1273",7,62,9.2,0,0.0173745173745174
"1274",2,54.5,9.9,0,0.16023166023166
"1275",1,52,6,0,0.397683397683398
"1276",3,43.6,9.9,0,0.343629343629344
"1277",4,39.3,5.8,0,0.426640926640927
"1278",5,41.3,5.4,0,0.364864864864865
"1279",6,46.5,5.4,0,0.415057915057915
"1646",1,44.8,10,0,0.296875
"1647",3,39.3,8.5,0,0.2265625
"1648",4,40.1,3.8,0,0.63671875
"1649",5,44.6,7.9,0,0.501953125
"1650",6,31.4,10,0,0.427734375
"1651",7,30.2,8,1,0.521484375
"1653",1,20.1,7.9,0,0.142578125
"1654",3,18.6,10,0,0.65625
"1655",4,27.7,10,0,0.515625
"1656",5,45.8,9.5,0,0.578125
"1657",6,55.6,8.9,0,0.611328125
"1658",7,51.4,10,0,0.529296875
"1659",2,31.1,8.4,1,0.31640625
"1660",1,33,8.5,0,0.306640625
"1661",3,35,10,0,0.28125
"1662",4,40,6.6,0,0.6328125
"1663",5,39.2,6.2,0,0.421875
"1664",6,42.1,10,0,0.541015625
"1665",7,41.9,9.3,0,0.53125
"1666",2,42.9,5.3,0,0.27734375
"1667",1,44.5,3.4,1,0.15234375
"1668",3,41.2,9.2,0,0.65234375
"1669",4,36.2,4.3,0,0.451171875
"1670",5,40.5,9.8,0,0.474609375
"1671",6,49.2,9.8,0,0.44921875
"1672",7,41.8,10,0,0.48828125
"1673",2,36.6,10,0,0.328125
"1674",1,38.4,10,0,0.185546875
"1675",3,34.6,10,0,0.4140625
"1676",4,29.3,7.5,1,0.46484375
"1677",5,39.6,9.2,0,0.470703125
"1678",6,39.5,10,0,0.494140625
"1679",7,30.6,10,0,0.5390625
"1680",2,27.6,10,0,0.40625
"1681",1,35.2,10,0,0.1875
"1682",3,41.6,10,0,0.458984375
"1683",4,39.3,5.5,0,0.572265625
"1684",5,45.9,4.8,1,0.6640625
"1685",6,33.3,5.2,1,0.33984375
"1686",7,24.2,10,0,0.732421875
"1687",2,37.3,9.6,0,0.34765625
"1688",1,34.7,6.2,0,0.20703125
"1689",3,35.2,9.8,0,0.603515625
"1690",4,32.6,10,0,0.693359375
"1691",5,40.3,9.4,0,0.52734375
"1692",6,33.6,10,0,0.623046875
"1693",7,32.1,10,0,0.677734375
"1694",2,45.7,10,0,0.462890625
"1695",1,59.9,10,0,0.205078125
"1696",3,50.5,10,0,0.185546875
"1697",4,40.8,10,0,0.29296875
"1698",5,47.2,9.8,0,0.28125
"1699",6,53,8.5,0,0.484375
"1700",7,62.7,9.9,0,0.6328125
"1701",2,57.3,8.7,1,0.46875
"1702",1,41.5,9.2,0,0.251953125
"1703",3,42.2,10,0,0.404296875
"1704",4,51.1,9.8,0,0.50390625
"1705",5,58.6,8.6,0,0.46484375
"1706",6,52,10,0,0.625
"1707",7,34.5,10,0,0.8046875
"1708",2,25.1,10,0,0.396484375
"1709",1,22.8,10,0,0.3046875
"1710",3,33.5,10,0,0.556640625
"1711",4,45.6,8.7,0,0.59375
"1712",5,54.2,9.9,0,0.5390625
"1713",6,55.5,10,0,0.6484375
"1714",7,39.2,7.2,1,0.544921875
"1715",2,23.2,10,0,0.419921875
"1716",1,23.8,10,0,0.357421875
"1717",3,26,10,0,0.896484375
"1718",4,29.6,3.4,1,0.080078125
"1719",5,23.2,9.8,0,0.619140625
"1720",6,29.7,10,0,0.98828125
"1721",7,36.3,10,0,0.826171875
"1722",2,36.3,8.7,0,0.333984375
"1723",1,38.7,10,0,0.423828125
"1724",3,41.5,10,0,0.814453125
"1725",4,48.5,10,0,0.591796875
"1726",5,39.7,10,0,0.5546875
"1727",6,30.2,10,0,0.72265625
"1728",7,43.3,10,0,0.626953125
"1729",2,54.1,9.8,0,0.46484375
"1730",1,40.3,9.4,0,0.240234375
"1731",3,42.5,4,1,0.578125
"1732",4,43.8,4.8,0,0.505859375
"1733",5,48.4,8.6,0,0.662109375
"1734",6,44.3,10,0,0.59765625
"1735",7,40.4,5,0,0.8203125
"1736",2,40.3,7.3,0,0.50390625
"1737",1,49.8,10,0,0.353515625
"1738",3,55.3,10,0,0.611328125
"1739",4,49.1,6.5,0,0.517578125
"1740",5,51.2,6.9,0,0.49609375
"1741",6,44.1,6.6,0,0.7421875
"1742",7,47.7,10,0,0.705078125
"1743",2,45.9,10,0,0.57421875
"1744",1,53.2,10,0,0.40625
"1745",3,62.5,10,0,0.587890625
"1746",4,69.4,10,0,0.36328125
"1747",5,65.2,9.7,0,0.404296875
"1748",6,57.4,10,0,0.501953125
"1749",7,56.4,10,0,0.35546875
"1750",2,56.8,10,0,0.31640625
"1751",1,70.1,9.7,0,0.2890625
"1752",3,69.3,10,0,0.302734375
"1753",4,57.4,10,0,0.357421875
"1754",5,48.1,10,0,0.482421875
"1755",6,54.6,7.7,0,0.583984375
"1756",7,51.4,8,0,0.697265625
"1757",2,51.8,8,0,0.42578125
"1758",1,53.7,10,0,0.359375
"1759",3,54.2,9.8,0,0.40625
"1760",4,51.8,7.9,0,0.76171875
"1761",5,55.1,4.5,0,0.580078125
"1762",6,61.4,4.2,0,0.693359375
"1764",2,75.1,9.1,0,0.640625
"1765",1,62.6,10,0,0.267578125
"1766",3,57.2,6.8,0,0.59765625
"1767",4,69.3,9.3,0,0.80078125
"1768",5,61.4,10,0,0.744140625
"1769",6,55,10,0,0.71875
"1770",7,53.7,6.4,1,0.865234375
"1771",2,59.7,5.3,0,0.6875
"1772",1,52.6,9.5,0,0.353515625
"1773",3,50.3,10,0,0.595703125
"1774",4,53.3,10,0,0.62109375
"1775",5,56.9,10,0,0.654296875
"1776",6,53.5,10,0,0.689453125
"1777",7,54.1,10,0,0.9453125
"1778",2,50.5,6.1,0,0.68359375
"1779",1,52.8,8.8,0,0.5859375
"1780",3,59.1,10,0,0.7734375
"1781",4,66.2,10,0,0.705078125
"1782",5,76,10,0,0.8203125
"1785",2,63.4,10,0,0.544921875
"1786",1,59.3,10,0,0.556640625
"1787",3,56.7,6.8,0,0.75390625
"1788",4,62.2,8.2,0,0.63671875
"1789",5,62.3,9.8,0,0.6015625
"1790",6,57.6,5.7,0,0.798828125
"1791",7,62.1,8.5,0,0.865234375
"1792",2,66.2,10,0,0.27734375
"1793",1,63.8,8.8,0,0.275390625
"1794",3,58.2,9.3,0,0.07421875
"1795",4,57.1,9.6,0,0.61328125
"1796",5,63.1,5.9,0,0.65625
"1797",6,68.4,9.7,0,0.626953125
"1798",7,68,10,0,0.7890625
"1799",2,64.3,10,0,0.59375
"1800",1,63.3,10,0,0.263671875
"1801",3,62.5,5.4,0,0.630859375
"1802",4,56.8,7.5,0,0.638671875
"1803",5,57.8,10,0,0.66796875
"1804",6,62,10,0,0.638671875
"1805",7,66,10,0,0.853515625
"1806",2,75.7,10,0,0.6484375
"1807",1,81.3,10,0,0.720703125
"1808",3,84,10,0,0.919921875
"1809",4,86,9.9,0,0.96875
"1810",5,77.4,9.1,1,0.822265625
"1811",6,70.1,10,0,0.85546875
"1812",7,66.1,9.2,0,0.6328125
"1813",2,68.7,6.3,1,0.626953125
"1814",1,75.9,6.5,0,0.5078125
"1815",3,79.3,8.6,1,0.94921875
"1816",4,75.3,8.2,0,0.9375
"1817",5,77.5,10,0,0.802734375
"1818",6,75.8,10,0,1
"1819",7,79.7,9.2,0,0.8984375
"1820",2,77.8,8.3,1,0.8203125
"1821",1,76.1,10,0,0.501953125
"1822",3,72.4,10,0,0.65625
"1823",4,70,9.4,0,0.828125
"1824",5,69.7,10,0,0.775390625
"1825",6,74.6,10,0,0.84765625
"1826",7,79.3,10,0,0.80859375
"1827",2,79,9.8,0,0.51171875
"1828",1,77.8,9.3,0,0.3984375
"1829",3,80.4,9.6,1,0.5546875
"1830",4,76.7,10,0,0.177734375
"1831",5,76.7,9.6,0,0.728515625
"1832",6,72.9,10,0,0.54296875
"1833",7,72.9,7.9,1,0.666015625
"1834",2,75.7,8.1,1,0.4921875
"1835",1,75.2,10,0,0.349609375
"1836",3,76.3,10,0,0.65234375
"1837",4,78.8,9.6,0,0.595703125
"1838",5,82.3,10,0,0.671875
"1839",6,83,9.8,0,0.83203125
"1840",7,69.7,6.5,0,0.73046875
"1841",2,73.8,6.2,0,0.6171875
"1842",1,76.8,10,0,0.35546875
"1843",3,78.2,10,0,0.59765625
"1844",4,79.6,10,0,0.728515625
"1845",5,83.2,9.9,0,0.80859375
"1846",6,85.7,9.5,0,0.861328125
"1847",7,82.5,9.8,0,0.78125
"1848",2,83.8,9.9,0,0.615234375
"1849",1,74.6,5.2,1,0.431640625
"1850",3,69.3,7.5,1,0.560546875
"1851",4,65.8,10,0,0.51171875
"1852",5,69.7,10,0,0.58984375
"1853",6,70.8,10,0,0.541015625
"1854",7,76.8,8.5,0,0.6875
"1855",2,72.9,10,0,0.349609375
"1856",1,72.4,10,0,0.533203125
"1857",3,76.1,10,0,0.630859375
"1858",4,80.2,10,0,0.7265625
"1859",5,77.6,8,0,0.556640625
"1860",6,75.2,8.1,0,0.7421875
"1861",7,76.8,9.2,0,0.830078125
"1862",2,74.6,8.8,0,0.46875
"1863",1,70.2,10,0,0.36328125
"1864",3,68,6.7,0,0.533203125
"1865",4,69.4,7.5,0,0.58203125
"1866",5,74,10,0,0.62890625
"1867",6,75.3,9.8,0,0.619140625
"1868",7,74.3,10,0,0.62890625
"1869",2,71,9.1,0,0.376953125
"1870",1,76.1,9.8,0,0.44921875
"1871",3,75.4,10,0,0.525390625
"1872",4,72.1,5.5,0,0.4765625
"1873",5,76,6.9,0,0.521484375
"1874",6,75.7,10,0,0.59765625
"1875",7,76.4,6.4,1,0.544921875
"1876",2,77.9,9.5,0,0.595703125
"1877",1,76.6,10,0,0.400390625
"1878",3,77.9,9.9,0,0.57421875
"1879",4,80.6,8.5,0,0.685546875
"1880",5,76.4,8.5,0,0.578125
"1881",6,72.9,10,0,0.58203125
"1882",7,70.5,10,0,0.5859375
"1883",2,70,10,0,0.462890625
"1884",1,69.2,10,0,0.322265625
"1885",3,69,9.7,0,0.490234375
"1886",4,65.7,9.3,0,0.548828125
"1887",5,67.1,9.5,0,0.66015625
"1888",6,72.1,10,0,0.556640625
"1889",7,64.3,10,0,0.6796875
"1890",2,61.9,9.8,0,0.447265625
"1891",1,62.1,6.5,1,0.361328125
"1892",3,69.3,10,0,0.388671875
"1893",4,75.6,9.2,0,0.73046875
"1894",5,67.8,8.1,0,0.537109375
"1895",6,64.4,7.3,0,0.892578125
"1896",7,64.9,10,0,0.794921875
"1897",2,62,10,0,0.537109375
"1898",1,63.7,10,0,0.390625
"1899",3,65.4,10,0,0.78515625
"1900",4,69,10,0,0.677734375
"1901",5,71.4,9.5,0,0.791015625
"1902",6,74,9.1,0,0.771484375
"1903",7,74.2,10,0,0.96484375
"1904",2,74.6,6.4,0,0.56640625
"1905",1,73.2,5.5,0,0.494140625
"1906",3,70.7,8.8,0,0.662109375
"1907",4,72.3,9.5,0,0.640625
"1908",5,74.2,10,0,0.48828125
"1909",6,75.4,10,0,0.39453125
"1910",7,74.3,10,0,0.548828125
"1911",2,76.7,10,0,0.58203125
"1912",1,78.5,10,0,0.49609375
"1913",3,78.6,9.9,0,0.767578125
"1914",4,73.8,9.7,0,0.630859375
"1915",5,76,10,0,0.708984375
"1916",6,73.9,9.6,0,0.794921875
"1917",7,61.5,10,0,0.828125
"1918",2,60.2,10,0,0.423828125
"1919",1,58.3,10,0,0.46484375
"1920",3,61.4,10,0,0.79296875
"1921",4,62.5,10,0,0.69140625
"1922",5,64,10,0,0.73828125
"1923",6,71.7,9.9,0,0.6328125
"1924",7,73.3,9.8,0,0.6171875
"1925",2,72.5,8.2,0,0.462890625
"1926",1,73.9,8.9,0,0.3671875
"1927",3,73.9,6.5,0,0.416015625
"1928",4,73.8,9.7,0,0.849609375
"1929",5,69.7,9.8,0,0.576171875
"1930",6,60.7,9.5,0,0.52734375
"1931",7,58.3,10,0,0.634765625
"1932",2,65.5,7.7,0,0.45703125
"1933",1,68.7,9.3,0,0.318359375
"1934",3,61,9.4,0,0.6015625
"1935",4,49.8,10,0,0.787109375
"1936",5,58.5,9.4,0,0.7890625
"1937",6,63.2,9.9,0,0.845703125
"1938",7,64.8,9.8,0,0.95703125
"1939",2,65.5,10,0,0.48828125
"1940",1,66,9.6,0,0.380859375
"1941",3,66.7,9.6,0,0.65625
"1942",4,69.7,6.9,0,0.6875
"1943",5,63.2,9.1,0,0.615234375
"1944",6,56.2,10,0,0.634765625
"1945",7,53.8,10,0,0.83203125
"1946",2,60.7,10,0,0.55078125
"1947",1,63.1,5.9,1,0.546875
"1948",3,55.6,7.5,0,0.974609375
"1949",4,52,10,0,0.708984375
"1950",5,50,10,0,0.53515625
"1951",6,63.4,9.4,0,0.806640625
"1952",7,66.8,9.9,0,0.865234375
"1953",2,51.5,10,0,0.546875
"1954",1,55,8.1,0,0.36328125
"1955",3,62.1,8.2,0,0.681640625
"1956",4,46,9.3,0,0.736328125
"1957",5,42.8,9.4,0,0.642578125
"1958",6,46.6,9.8,0,0.720703125
"1959",7,41.3,10,0,0.763671875
"1960",2,29.2,10,0,0.56640625
"1961",1,37.8,10,0,0.40234375
"1962",3,43.8,8.9,0,0.71484375
"1963",4,41.3,10,0,0.61328125
"1964",5,42.7,10,0,0.7421875
"1965",6,51.4,9.3,0,0.93359375
"1966",7,43.6,10,0,0.939453125
"1967",2,42.6,9.6,0,0.578125
"1968",1,52.1,9.5,0,0.46875
"1969",3,41.5,9.8,0,0.810546875
"1970",4,48,10,0,0.892578125
"1971",5,51,8.6,0,0.861328125
"1972",6,36.6,10,0,0.265625
"1973",7,41.2,10,0,0.330078125
"1974",2,48.7,10,0,0.240234375
"1975",1,47.1,10,0,0.296875
"1976",3,43.5,10,0,0.58984375
"1977",4,43.3,10,0,0.6171875
"1978",5,53.6,9.9,0,0.71875
"1979",6,43.7,10,0,0.64453125
"1980",7,48.8,10,0,0.857421875
"1981",2,43.5,10,0,0.47265625
"1982",1,45.4,10,0,0.224609375
"1983",3,45.1,7.3,0,0.685546875
"1984",4,54.2,9.6,0,0.724609375
"1985",5,49.3,8.5,0,0.62109375
"1986",6,40.8,10,0,0.703125
"1987",7,37.1,10,0,0.681640625
"1988",2,33.6,6.1,1,0.400390625
"1989",1,33,5.4,0,0.3515625
"1990",3,36.6,10,0,0.765625
"1991",4,43.7,10,0,0.69140625
"1992",5,26.9,9.9,0,0.734375
"1995",2,28.9,8.5,0,0.640625
"1996",1,34.7,10,0,0.41796875
"1997",3,38.7,9.1,0,0.728515625
"1998",4,49.5,9.7,0,0.6328125
"1999",5,46,10,0,0.716796875
"2000",6,35.6,10,0,0.798828125
"2001",7,40,10,0,0.755859375
"2002",2,41.3,4.6,0,0.453125
"2003",1,40,9.5,0,0.265625
"2004",3,35.7,8,0,0
"2005",4,26.4,10,0,0.41015625
"2006",5,21.8,10,0,0.4765625
"2007",6,16.2,10,0,0.5390625
"2008",7,15.4,10,0,0.517578125
"2009",2,19.7,7.5,0,0.453125
"2010",1,20.9,8.1,0,0.251953125
"2011",3,11.7,10,0,0.241779497098646
"2012",4,17.9,10,0,0.630560928433269
"2013",5,21.6,10,0,0.613152804642166
"2014",6,25.7,5.4,1,0.263056092843327
"2015",7,14.9,10,0,0.719535783365571
"2016",2,10.2,10,0,0.524177949709865
"2017",1,9.7,10,0,0.284332688588008
"2018",3,22.5,9.6,0,0.758220502901354
"2019",4,35.6,9.5,0,0.688588007736944
"2020",5,35.1,10,0,0.694390715667311
"2021",6,44.7,8.8,0,0.711798839458414
"2022",7,54.5,5.9,1,0.727272727272727
"2023",2,43.6,7.5,0,0.531914893617021
"2024",1,19.2,10,0,0.321083172147002
"2025",3,21.4,9.7,0,0.377176015473888
"2026",4,29.1,10,0,0.55899419729207
"2027",5,33.6,6.4,0,0.547388781431335
"2028",6,24.7,10,0,0.591876208897485
"2029",7,30.4,10,0,0.524177949709865
"2030",2,43.3,10,0,0.390715667311412
"2031",1,46,10,0,0.174081237911025
"2032",3,45.1,7,0,0.446808510638298
"2033",4,46.7,4.4,1,0.392649903288201
"2034",5,41.3,10,0,0.555125725338491
"2035",6,28.2,10,0,0.529980657640232
"2036",7,30.7,10,0,0.67504835589942
"2037",2,42.6,10,0,0.352030947775629
"2038",1,51.2,9,0,0.16247582205029
"2039",3,43.3,10,0,0.392649903288201
"2040",4,33.1,6.1,0,0.485493230174081
"2041",5,24.9,10,0,0.518375241779497
"2042",6,37.5,9.9,0,0.514506769825919
"2043",7,31.9,9.2,0,0.55899419729207
"2044",2,21.8,10,0,0.290135396518375
"2045",1,35.2,8.9,0,0.411992263056093
"2046",3,36.6,8.1,0,0.731141199226306
"2047",4,31,10,0,0.41972920696325
"2048",5,32.9,6.4,1,0.62862669245648
"2049",6,31,10,0,0.55705996131528
"2050",7,29.9,10,0,0.493230174081238
"2051",2,43,7.3,1,0.427466150870406
"2052",1,48.3,3.5,0,0.292069632495164
"2053",3,48.4,8.8,0,0.415860735009671
"2054",4,32.1,10,0,0.551257253384913
"2055",5,41.1,10,0,0.663442940038685
"2056",6,51,7.1,0,0.613152804642166
"2057",7,55.3,8.4,0,0.491295938104449
"2058",2,34.5,9.3,1,0.53384912959381
"2059",1,37.2,7.1,1,0.27852998065764
"2060",3,42.5,9.8,0,0.206963249516441
"2061",4,54.4,5.7,0,0.400386847195358
"2062",5,65.9,9.5,0,0.528046421663443
"2063",6,48.7,8.4,0,0.429400386847195
"2064",7,37.6,7.4,0,0.425531914893617
"2065",2,46.1,8.5,0,0.410058027079304
"2066",1,42.4,6.5,0,0.2321083172147
"2067",3,45.7,8.4,0,0.44294003868472
"2068",4,46.5,10,0,0.586073500967118
"2069",5,49.7,10,0,0.630560928433269
"2070",6,55.6,10,0,0.562862669245648
"2072",2,40.3,10,0,0.543520309477756
"2073",1,40.8,10,0,0.249516441005803
"2074",3,37,10,0,0.55705996131528
"2075",4,38.6,10,0,0.673114119922631
"2076",5,35.6,5.2,1,0.365570599613153
"2077",6,35.7,9.3,0,0.589941972920696
"2078",7,35.3,10,0,0.818181818181818
"2079",2,35.7,10,0,0.462282398452611
"2080",1,37.7,10,0,0.264990328820116
"2081",3,37.8,10,0,0.678916827852998
"2082",4,35.8,6.2,1,0.483558994197292
"2083",5,34.8,10,0,0.626692456479691
"2084",6,36.8,9.1,0,0.69825918762089
"2085",7,35.9,10,0,0.822050290135397
"2086",2,35.6,10,0,0.452611218568665
"2087",1,36.2,10,0,0.382978723404255
"2088",3,39.4,10,0,0.692456479690522
"2089",4,35,10,0,0.520309477756286
"2090",5,34.6,4.7,1,0.288201160541586
"2091",6,37.7,5,0,0.835589941972921
"2092",7,41.6,10,0,0.781431334622824
"2093",2,42,10,0,0.429400386847195
"2094",1,39.5,10,0,0.315280464216634
"2095",3,40.6,10,0,0.738878143133462
"2096",4,39.8,10,0,0.578336557059961
"2097",5,43.9,8.4,0,0.58220502901354
"2098",6,50.8,6.2,0,0.551257253384913
"2099",7,52.5,6,0,0.48742746615087
"2100",2,46.6,10,0,0.504835589941973
"2101",1,51.1,10,0,0.137330754352031
"2102",3,39.4,7.4,1,0.452611218568665
"2103",4,40.6,7.2,0,0.431334622823985
"2104",5,46.7,3.9,1,0.437137330754352
"2105",6,40.2,10,0,0.392649903288201
"2106",7,44.8,9.4,0,0.361702127659574
"2107",2,45.7,10,0,0.307543520309478
"2108",1,38.6,10,0,0.270793036750484
"2109",3,38,10,0,0.574468085106383
"2110",4,42.9,8.6,0,0.657640232108317
"2111",5,44.2,10,0,0.549323017408124
"2112",6,51.5,10,0,0.545454545454545
"2113",7,67.3,10,0,0.825918762088975
"2114",2,67.9,9.8,0,0.572533849129594
"2115",1,42.8,9.2,0,0.352030947775629
"2116",3,45.5,4.7,1,0.798839458413926
"2117",4,44.6,10,0,0.526112185686654
"2118",5,43.9,10,0,0.646034816247582
"2119",6,45,9.3,0,0.731141199226306
"2120",7,42,10,0,0.733075435203095
"2121",2,48.3,10,0,0.495164410058027
"2122",1,54.5,10,0,0.4642166344294
"2123",3,54.7,10,0,0.671179883945841
"2124",4,55.6,9.9,0,0.663442940038685
"2125",5,56.3,5.6,0,0.576402321083172
"2126",6,59.7,6.9,1,0.775628626692456
"2127",7,55.7,8.1,0,0.700193423597679
"2128",2,56.4,7.7,0,0.53384912959381
"2129",1,52.7,9.3,0,0.342359767891683
"2130",3,48,10,0,0.634429400386847
"2131",4,61.1,10,0,0.74468085106383
"2132",5,77,10,0,0.897485493230174
"2133",6,80.9,9.8,0,0.893617021276596
"2134",7,76.3,9.7,0,0.764023210831721
"2135",2,70.6,10,0,0.529980657640232
"2136",1,63.8,10,0,0.323017408123791
"2137",3,62.5,10,0,0.709864603481625
"2138",4,61.7,10,0,0.789168278529981
"2139",5,63,9,0,0.740812379110251
"2140",6,59.4,9.5,0,0.647969052224371
"2141",7,64.2,8.9,0,0.922630560928433
"2142",2,58,8.7,0,0.529980657640232
"2143",1,52.9,8.5,0,0.388781431334623
"2144",3,58,5.9,0,0.69825918762089
"2145",4,69.5,6.3,1,0.870406189555126
"2146",5,62.4,7.4,0,0.692456479690522
"2147",6,61.2,4.2,0,0.781431334622824
"2148",7,64.3,9.3,0,0.55705996131528
"2149",2,53.8,5.5,0,0.493230174081238
"2150",1,67.5,5.9,0,0.483558994197292
"2151",3,68.1,10,0,0.576402321083172
"2152",4,63,8.4,0,0.69825918762089
"2153",5,66.7,5.9,0,0.775628626692456
"2154",6,73.2,10,0,0.854932301740812
"2155",7,75.3,9.9,0,0.911025145067698
"2156",2,79.9,9.6,0,0.528046421663443
"2157",1,67.2,7.8,0,0.307543520309478
"2158",3,60.4,9.7,0,0.156673114119923
"2159",4,72.8,8.4,0,0.93036750483559
"2160",5,70,8,0,0.735009671179884
"2161",6,64.8,7.1,0,0.715667311411992
"2162",7,70.2,3.6,0,0.818181818181818
"2163",2,76.8,8.7,0,0.568665377176016
"2164",1,64,9.4,0,0.381044487427466
"2165",3,58.8,8.1,0,0.715667311411992
"2166",4,65.6,9.5,0,0.696324951644101
"2167",5,63.8,10,0,0.624758220502901
"2168",6,63.6,10,0,0.705996131528046
"2169",7,69.1,10,0,0.829787234042553
"2170",2,74.4,10,0,0.731141199226306
"2171",1,68.3,10,0,0.39651837524178
"2172",3,63.9,9.9,0,0.692456479690522
"2173",4,64.6,10,0,0.758220502901354
"2174",5,68.7,9,0,0.731141199226306
"2175",6,75.8,9.9,0,0.97678916827853
"2176",7,70.2,10,0,0.773694390715667
"2177",2,73.1,10,0,0.67504835589942
"2178",1,77.5,10,0,0.578336557059961
"2179",3,80.9,9,0,0.928433268858801
"2180",4,80.6,8.7,0,0.936170212765957
"2181",5,75.9,10,0,0.715667311411992
"2182",6,74,7.4,0,0.941972920696325
"2183",7,71,10,0,0.773694390715667
"2184",2,64.2,9,0,0.357833655705996
"2185",1,72.3,7.6,0,0.435203094777563
"2186",3,74.1,9.9,0,0.783365570599613
"2187",4,70.5,10,0,0.839458413926499
"2188",5,69.3,9.8,0,0.410058027079304
"2189",6,73.3,6.8,1,0.79110251450677
"2190",7,79,9.8,0,1
"2191",2,83.1,10,0,0.624758220502901
"2192",1,86.4,9.3,0,0.454545454545455
"2193",3,86.6,8.3,0,0.756286266924565
"2194",4,82.5,6.3,0,0.676982591876209
"2195",5,80.4,6.7,0,0.150870406189555
"2196",6,81,8.9,0,0.758220502901354
"2197",7,78.2,8.7,1,0.630560928433269
"2198",2,70.3,10,0,0.382978723404255
"2199",1,71.3,10,0,0.41972920696325
"2200",3,75.7,10,0,0.665377176015474
"2201",4,80.8,10,0,0.771760154738878
"2202",5,80.9,10,0,0.578336557059961
"2203",6,74.3,9.3,1,0.607350096711799
"2204",7,75.5,10,0,0.769825918762089
"2205",2,78.5,10,0,0.481624758220503
"2206",1,75.5,7.8,1,0.456479690522244
"2207",3,81.5,9.1,0,0.756286266924565
"2208",4,79.2,7.2,1,0.680851063829787
"2209",5,74.4,8.8,0,0.696324951644101
"2210",6,74.4,10,0,0.794970986460348
"2211",7,74.2,9.9,0,0.719535783365571
"2212",2,71.8,10,0,0.568665377176016
"2213",1,72.7,6.6,1,0.410058027079304
"2214",3,75.6,5.6,1,0.553191489361702
"2215",4,77.8,8.7,0,0.630560928433269
"2216",5,75.8,7.4,1,0.636363636363636
"2217",6,76.5,9,0,0.537717601547389
"2218",7,78.9,8.2,0,0.822050290135397
"2219",2,75.6,6.5,0,0.597678916827853
"2220",1,76.4,10,0,0.261121856866538
"2221",3,74.6,9.8,1,0.48742746615087
"2222",4,73,9.5,0,0.736943907156673
"2223",5,77.2,8.9,0,0.642166344294004
"2224",6,80.8,10,0,0.762088974854932
"2225",7,77,8.3,1,0.81431334622824
"2226",2,77.8,9.2,1,0.5357833655706
"2227",1,81.8,10,0,0.473887814313346
"2228",3,84.4,8.7,0,0.588007736943907
"2229",4,82.5,7.6,0,0.638297872340426
"2230",5,80.4,9.3,0,0.634429400386847
"2231",6,80.7,8.8,1,0.736943907156673
"2232",7,79.3,9.3,0,0.733075435203095
"2233",2,74.6,6.2,1,0.4642166344294
"2234",1,76,7.1,0,0.330754352030948
"2235",3,73.6,7.8,0,0.55899419729207
"2236",4,74.1,6,1,0.72147001934236
"2237",5,76.9,9.6,0,0.613152804642166
"2238",6,82,8,0,0.617021276595745
"2239",7,82.5,7.7,0,0.725338491295938
"2240",2,76.9,6.9,1,0.485493230174081
"2241",1,70.8,9.4,0,0.313346228239845
"2242",3,70.3,9.5,0,0.452611218568665
"2243",4,71.7,10,0,0.48742746615087
"2244",5,75.5,8.6,1,0.524177949709865
"2245",6,72.1,9.9,0,0.545454545454545
"2246",7,73,10,0,0.682785299806576
"2247",2,73.2,10,0,0.433268858800774
"2248",1,74.8,10,0,0.386847195357834
"2249",3,80.3,8.7,0,0.624758220502901
"2250",4,85.5,7.4,0,0.748549323017408
"2251",5,86.5,9,0,0.690522243713733
"2252",6,84.2,9.8,0,0.789168278529981
"2253",7,74.9,9.8,0,0.570599613152805
"2254",2,72.6,10,0,0.388781431334623
"2255",1,73.4,10,0,0.386847195357834
"2256",3,80.7,10,0,0.39651837524178
"2257",4,83.8,10,0,0.885880077369439
"2258",5,82,10,0,0.851063829787234
"2259",6,82.5,8.7,1,0.955512572533849
"2260",7,73.9,9.8,0,0.663442940038685
"2261",2,68.3,9.8,0,0.4642166344294
"2262",1,59.1,8.9,0,0.44100580270793
"2263",3,58.7,6.7,0,0.622823984526112
"2264",4,66.8,4.2,1,0.41779497098646
"2265",5,73.5,5.6,1,0.880077369439072
"2266",6,71.7,8.9,0,0.754352030947776
"2267",7,71.3,9.3,0,0.688588007736944
"2268",2,72,9.9,0,0.518375241779497
"2269",1,73.8,9.9,0,0.520309477756286
"2270",3,73.2,10,0,0.667311411992263
"2271",4,74.8,8.4,1,0.796905222437137
"2272",5,73.8,10,0,0.369439071566731
"2273",6,68.1,10,0,0.640232108317215
"2274",7,68.7,10,0,0.748549323017408
"2275",2,70.4,10,0,0.452611218568665
"2276",1,62.9,10,0,0.284332688588008
"2277",3,63,10,0,0.514506769825919
"2278",4,64.5,5.6,1,0.748549323017408
"2279",5,74.9,7.3,0,0.825918762088975
"2280",6,67.7,9.2,0,0.665377176015474
"2281",7,61.6,8,0,0.742746615087041
"2282",2,63.6,10,0,0.53384912959381
"2283",1,62.4,10,0,0.352030947775629
"2284",3,68.5,10,0,0.493230174081238
"2285",4,71.9,9.2,0,0.551257253384913
"2286",5,68.4,9.3,1,0.870406189555126
"2287",6,67.7,9.3,0,0.752417794970986
"2288",7,66.4,9.7,0,0.905222437137331
"2289",2,64.2,8.5,0,0.41779497098646
"2290",1,71.6,8.9,0,0.388781431334623
"2291",3,68.2,8.1,0,0.334622823984526
"2292",4,69.8,7.8,0,0.58027079303675
"2293",5,73.3,9.4,0,0.735009671179884
"2294",6,73.1,8.6,1,0.798839458413926
"2295",7,62.3,8.4,0,0.970986460348162
"2296",2,51.5,9.6,0,0.481624758220503
"2297",1,51.9,10,0,0.363636363636364
"2298",3,58.8,9.2,0,0.704061895551257
"2299",4,54.7,9.8,0,0.696324951644101
"2300",5,53.1,10,0,0.717601547388781
"2301",6,46.7,10,0,0.787234042553192
"2302",7,49.2,10,0,0.887814313346228
"2303",2,56.8,9.8,0,0.58220502901354
"2304",1,47.9,10,0,0.51257253384913
"2305",3,44.2,10,0,0.622823984526112
"2306",4,54,999.9,0,0.682785299806576
"2307",5,50,999.9,0,0.756286266924565
"2308",6,45.5,999.9,0,0.841392649903288
"2309",7,43.7,8.4,0,0.810444874274661
"2310",2,47.4,5.4,0,0.829787234042553
"2311",1,48.5,7.9,0,0.44100580270793
"2312",3,51.4,9.5,0,0.711798839458414
"2313",4,48.3,10,0,0.760154738878143
"2314",5,53.1,10,0,0.615087040618955
"2315",6,62.2,9.7,0,0.711798839458414
"2316",7,67.7,9.7,0,0.808510638297872
"2317",2,58.4,7,0,0.634429400386847
"2318",1,48.9,10,0,0.336557059961315
"2319",3,50.2,8.9,0,0.833655705996131
"2320",4,52.7,3.3,0,0.678916827852998
"2321",5,57,9.5,0,0.711798839458414
"2322",6,52,10,0,0.586073500967118
"2324",2,45.9,8.3,0,0.537717601547389
"2325",1,38.8,10,0,0.332688588007737
"2326",3,42.8,10,0,0.326885880077369
"2327",4,46.6,5.8,0,0.823984526112186
"2328",5,38.7,10,0,0.696324951644101
"2330",7,38.9,6.8,0,0.758220502901354
"2331",2,42,10,0,0.446808510638298
"2332",1,42.2,10,0,0.274661508704062
"2333",3,45.5,8.4,0,0.713733075435203
"2334",4,45.4,7.8,0,0.709864603481625
"2335",5,40.1,9.7,0,0.781431334622824
"2336",6,25.2,10,0,0.16247582205029
"2337",7,22.3,10,0,0.286266924564797
"2338",2,36.7,10,0,0.402321083172147
"2339",1,49.1,7.3,0,0.299806576402321
"2340",3,50,8.6,0,0.802707930367505
"2341",4,43.3,8.5,0,0.543520309477756
"2342",5,38.6,10,0,0.473887814313346
"2343",6,41.8,10,0,0.615087040618955
"2344",7,39.9,9.8,0,0.802707930367505
"2345",2,41.2,9.8,0,0.528046421663443
"2346",1,47.4,3.3,0,0.444874274661509
"2347",3,53.5,7.9,0,0.713733075435203
"2348",4,40.7,10,0,0.688588007736944
"2349",5,32.5,10,0,0.626692456479691
"2350",6,34.5,10,0,0.682785299806576
"2351",7,36.5,10,0,0.729206963249516
"2352",2,29.7,10,0,0.626692456479691
"2353",1,32.1,10,0,0.264990328820116
"2354",3,33.4,10,0,0.624758220502901
"2355",4,34.2,10,0,0.733075435203095
"2356",5,36.1,9.4,0,0.586073500967118
"2357",6,35.9,7.6,0,0.692456479690522
"2358",7,44.4,9.7,0,0.992263056092843
"2359",2,49.7,5.3,0,0.58027079303675
"2360",1,42.2,5.3,0,0.568665377176016
"2361",3,40.4,9.3,0,0.69825918762089
"2362",4,35.5,10,0,0.779497098646035
"2363",5,32.1,10,0,0.81431334622824
"2364",6,41.8,8.5,0,0.924564796905222
"2365",7,54.7,3.4,1,0.878143133462282
"2366",2,47.9,9.1,0,0.4642166344294
"2367",1,40,10,0,0.342359767891683
"2368",3,39.5,7.7,0,0.48742746615087
"2369",4,36.8,10,0,0
"2370",5,36.8,10,0,0.359767891682785
"2371",6,40.3,10,0,0.491295938104449
"2372",7,48.8,5.5,0,0.682785299806576
"2373",2,51.9,9.2,0,0.330754352030948
"2374",1,37.4,9.5,0,0.147001934235977
"2375",3,41,8.9,0,0.568665377176016
"2376",4,50.5,7,0,0.167410714285714
"2377",5,38,10,0,0.328125
"2378",6,41.1,9.9,0,0.332589285714286
"2379",7,39.7,9.9,0,0.542410714285714
"2380",2,44.2,5.3,0,0.223214285714286
"2381",1,43.5,10,0,0.046875
"2382",3,29.5,10,0,0.511160714285714
"2383",4,38.9,6.8,0,0.482142857142857
"2384",5,42.7,8.8,0,0.354910714285714
"2385",6,33,10,0,0.502232142857143
"2386",7,26.7,10,0,0.645089285714286
"2387",2,25.6,10,0,0.368303571428571
"2388",1,29.4,9.7,0,0.0424107142857143
"2389",3,26.7,10,0,0.776785714285714
"2390",4,29.3,10,0,0.587053571428571
"2391",5,34,9.3,0,0.5
"2392",6,30.1,10,0,0.515625
"2393",7,33.4,6.2,0,0.537946428571429
"2394",2,35.1,9.8,0,0.276785714285714
"2395",1,34,5.8,0,0.125
"2396",3,10.7,10,0,0.127232142857143
"2397",4,18.9,10,0,0.607142857142857
"2398",5,35.5,10,0,0.441964285714286
"2399",6,52.3,6.2,1,0.529017857142857
"2400",7,36,10,0,0.694196428571429
"2401",2,29.1,10,0,0.397321428571429
"2402",1,39.6,10,0,0.200892857142857
"2403",3,31.4,10,0,0.46875
"2404",4,32.7,9.3,0,0.727678571428571
"2405",5,28.6,8.9,1,0.613839285714286
"2406",6,8.4,10,0,0.549107142857143
"2407",7,14.9,10,0,0.660714285714286
"2408",2,23.3,10,0,0.495535714285714
"2409",1,39,8,0,0.301339285714286
"2410",3,48.3,9.4,0,0.660714285714286
"2411",4,53.4,9.6,0,0.479910714285714
"2412",5,43.1,9.9,0,0.580357142857143
"2413",6,41.4,7.3,0,0.520089285714286
"2414",7,45,7.3,0,0.683035714285714
"2415",2,29.5,10,0,0.412946428571429
"2416",1,28.3,10,0,0.200892857142857
"2417",3,33.9,10,0,0.475446428571429
"2418",4,30.8,6.6,1,0.741071428571429
"2419",5,36.5,7.3,0,0.633928571428571
"2420",6,37.3,10,0,0.689732142857143
"2421",7,48.4,10,0,0.582589285714286
"2422",2,42.3,10,0,0.401785714285714
"2423",1,32.2,10,0,0.1875
"2424",3,35.6,6.2,0,0.113839285714286
"2425",4,28.2,10,0,0.383928571428571
"2426",5,28.7,7.1,1,0.580357142857143
"2427",6,37.9,5.8,0,0.540178571428571
"2428",7,42.3,10,0,0.426339285714286
"2429",2,37.3,10,0,0.1875
"2430",1,40.9,5.4,0,0.102678571428571
"2431",3,40.8,10,0,0.770089285714286
"2432",4,30.1,10,0,0.703125
"2433",5,26.3,10,0,0.388392857142857
"2434",6,31,9.1,0,0.767857142857143
"2435",7,30.2,7.9,1,0.794642857142857
"2436",2,34.7,6.5,1,0.640625
"2437",1,38.4,8.7,0,0.330357142857143
"2438",3,34.6,5.9,1,0.330357142857143
"2439",4,27.2,10,0,0.633928571428571
"2440",5,23.3,9.8,0,0.522321428571429
"2441",6,24.1,10,0,0.448660714285714
"2442",7,30.5,10,0,0.662946428571429
"2443",2,39.4,9.5,0,0.375
"2444",1,38.5,5.3,0,0.238839285714286
"2445",3,45.7,8.3,0,0.647321428571429
"2446",4,40.1,10,0,0.515625
"2447",5,38.6,9.8,0,0.462053571428571
"2448",6,47.3,10,0,0.571428571428571
"2449",7,58.2,9.8,0,0.709821428571429
"2450",2,51.2,9.7,0,0.435267857142857
"2451",1,39.1,10,0,0.142857142857143
"2452",3,38.3,10,0,0.491071428571429
"2453",4,41.6,10,0,0.46875
"2454",5,44.3,9.9,0,0.511160714285714
"2455",6,43.9,7.3,0,0.600446428571429
"2456",7,43.7,6.7,0,0.810267857142857
"2457",2,40.6,10,0,0.390625
"2458",1,47.3,10,0,0.247767857142857
"2459",3,52.5,10,0,0.381696428571429
"2460",4,42.1,10,0,0.569196428571429
"2461",5,39.7,10,0,0.462053571428571
"2462",6,42.4,10,0,0.645089285714286
"2463",7,52.8,10,0,0.464285714285714
"2464",2,58.8,10,0,0.359375
"2465",1,54.7,9.3,0,0.212053571428571
"2466",3,40,10,0,0.551339285714286
"2467",4,43.7,10,0,0.441964285714286
"2468",5,51.6,10,0,0.575892857142857
"2469",6,52.3,10,0,0.680803571428571
"2470",7,42,9.5,0,0.772321428571429
"2471",2,49,7,0,0.517857142857143
"2472",1,58.2,10,0,0.294642857142857
"2473",3,63.6,8.3,0,0.533482142857143
"2474",4,49,6.2,0,0.40625
"2475",5,51.8,9,0,0.620535714285714
"2476",6,46,10,0,0.40625
"2477",7,52.9,9.5,0,0.743303571428571
"2478",2,65.4,8.3,1,0.544642857142857
"2479",1,67.4,9.1,0,0.227678571428571
"2480",3,57.6,9,1,0.674107142857143
"2481",4,52.4,10,0,0.631696428571429
"2482",5,54.6,10,0,0.59375
"2483",6,55,9.9,0,0.412946428571429
"2484",7,66,10,0,0.4375
"2485",2,61.1,6.8,0,0.225446428571429
"2486",1,57.4,10,0,0.0959821428571429
"2487",3,57.1,8.7,0,0.372767857142857
"2488",4,63.3,10,0,0.529017857142857
"2489",5,65,9.8,0,0.357142857142857
"2490",6,56.3,9.9,0,0.363839285714286
"2491",7,53.5,6.6,1,0.323660714285714
"2492",2,54.3,8.8,0,0.381696428571429
"2493",1,49.6,10,0,0.0892857142857143
"2494",3,49.5,10,0,0.46875
"2495",4,52.4,6.9,0,0.517857142857143
"2496",5,53.7,9.7,0,0.544642857142857
"2497",6,58,4.5,0,0.698660714285714
"2498",7,52.9,7,0,0.660714285714286
"2499",2,58.5,3.9,0,0.441964285714286
"2500",1,55.2,5.2,0,0.388392857142857
"2501",3,57.7,9.4,0,0.613839285714286
"2502",4,60.1,10,0,0.651785714285714
"2503",5,61,8.6,0,0.65625
"2504",6,55.9,10,0,0.53125
"2505",7,61.8,9.1,0,0.680803571428571
"2506",2,64.1,10,0,0.629464285714286
"2507",1,50.2,5.3,0,0.522321428571429
"2508",3,45.1,6.2,0,0.575892857142857
"2509",4,46.7,7.9,0,0.59375
"2510",5,53.5,9.2,0,0.75
"2511",6,62.8,9.7,0,0.640625
"2512",7,67.8,10,0,0.828125
"2513",2,65.4,9.9,0,0.65625
"2514",1,66.9,10,0,0.428571428571429
"2515",3,74.9,8.9,0,0.745535714285714
"2516",4,66.1,10,0,0.870535714285714
"2517",5,64.4,10,0,0.754464285714286
"2518",6,64.2,8.7,1,0.819196428571429
"2519",7,68.8,9.7,0,0.832589285714286
"2520",2,63,10,0,0.368303571428571
"2521",1,70.3,9.4,0,0.345982142857143
"2522",3,72.3,9.9,0,0.194196428571429
"2523",4,67.2,9.4,0,0.667410714285714
"2524",5,65.6,7.9,1,0.549107142857143
"2525",6,60,4.2,1,0.602678571428571
"2526",7,69.1,6.6,0,0.915178571428571
"2527",2,71.1,10,0,0.450892857142857
"2528",1,71.2,7.7,0,0.357142857142857
"2529",3,64.4,9.7,1,0.678571428571429
"2530",4,62.4,10,0,0.580357142857143
"2531",5,70.7,9.9,0,0.669642857142857
"2532",6,75.5,8.2,0,0.868303571428571
"2533",7,72.8,10,0,0.845982142857143
"2534",2,71.6,9.5,0,0.502232142857143
"2535",1,68.3,10,0,0.381696428571429
"2536",3,63.4,6.4,1,0.575892857142857
"2537",4,69.9,6.3,1,0.729910714285714
"2538",5,67.1,10,0,0.738839285714286
"2539",6,62.4,8.7,0,0.622767857142857
"2540",7,63.8,8.1,0,0.879464285714286
"2541",2,70.7,10,0,0.591517857142857
"2542",1,72.8,10,0,0.34375
"2543",3,72.9,9.8,0,0.439732142857143
"2544",4,70.8,4.7,1,0.816964285714286
"2545",5,68,3.7,1,0.526785714285714
"2546",6,69.2,2.7,1,0.763392857142857
"2547",7,70.9,7.9,0,0.928571428571429
"2548",2,71.3,10,0,0.625
"2549",1,73.7,10,0,0.455357142857143
"2550",3,76.1,10,0,0.839285714285714
"2551",4,76.1,7.7,1,0.685267857142857
"2552",5,78.6,9.3,0,1
"2553",6,81.3,10,0,0.845982142857143
"2554",7,81.2,10,0,0.888392857142857
"2555",2,80.4,9.6,0,0.680803571428571
"2556",1,76,10,0,0.477678571428571
"2557",3,74.3,10,0,0.754464285714286
"2558",4,78.4,10,0,0.526785714285714
"2559",5,79.6,10,0,0.667410714285714
"2560",6,81,8.7,0,0.0870535714285714
"2561",7,77.5,8.5,0,0.417410714285714
"2562",2,80.7,9.4,0,0.258928571428571
"2563",1,78.5,10,0,0.191964285714286
"2564",3,72.6,9.8,0,0.529017857142857
"2565",4,77.7,9.7,0,0.683035714285714
"2566",5,80.7,10,0,0.441964285714286
"2567",6,78.5,8.7,0,0.676339285714286
"2568",7,77,8.2,0,0.875
"2569",2,77.7,10,0,0.453125
"2570",1,82,10,0,0.316964285714286
"2571",3,78.2,10,0,0.629464285714286
"2572",4,81.5,10,0,0.676339285714286
"2573",5,85.3,9.6,0,0.613839285714286
"2574",6,75.1,5.6,1,0.591517857142857
"2575",7,78.8,9.5,0,0.694196428571429
"2576",2,88.2,9.8,0,0.515625
"2577",1,88.7,10,0,0.272321428571429
"2578",3,81.7,8.9,1,0.638392857142857
"2579",4,71.3,8.5,0,0.441964285714286
"2580",5,73.5,9.8,0,0.604910714285714
"2581",6,76.4,10,0,0.558035714285714
"2582",7,77.6,10,0,0.658482142857143
"2583",2,78.2,10,0,0.551339285714286
"2584",1,79.9,10,0,0.383928571428571
"2585",3,81.2,10,0,0.65625
"2586",4,84.2,9.5,0,0.631696428571429
"2587",5,78.9,8.2,1,0.555803571428571
"2588",6,76.9,8.3,0,0.587053571428571
"2589",7,78.2,10,0,0.569196428571429
"2590",2,77.7,10,0,0.470982142857143
"2591",1,76.7,8.6,0,0.321428571428571
"2592",3,76.3,10,0,0.582589285714286
"2593",4,74.6,8.8,0,0.4375
"2594",5,75.7,7.9,1,0.564732142857143
"2595",6,74.1,6.7,0,0.649553571428571
"2596",7,72.8,9.5,1,0.647321428571429
"2597",2,73.7,10,0,0.484375
"2598",1,72.3,10,0,0.287946428571429
"2599",3,76,10,0,0.515625
"2600",4,75.8,9.4,0,0.254464285714286
"2601",5,76.6,8.4,0,0.40625
"2602",6,75.6,9.3,0,0.457589285714286
"2603",7,73.5,10,0,0.375
"2604",2,77.4,9.7,0,0.397321428571429
"2605",1,79.3,8,0,0.28125
"2606",3,78.5,10,0,0.464285714285714
"2607",4,80.4,10,0,0.488839285714286
"2608",5,79.6,8.8,0,0.372767857142857
"2609",6,80.7,10,0,0.517857142857143
"2610",7,70.2,7.7,1,0.477678571428571
"2611",2,69.7,10,0,0.354910714285714
"2612",1,69.2,10,0,0.283482142857143
"2613",3,66.5,10,0,0.310267857142857
"2614",4,67.7,10,0,0.388392857142857
"2615",5,69.7,9.5,0,0.441964285714286
"2616",6,73.1,10,0,0.529017857142857
"2617",7,75.5,10,0,0.613839285714286
"2618",2,75.8,10,0,0.328125
"2619",1,71,10,0,0.263392857142857
"2620",3,70.8,8.3,0,0.160714285714286
"2621",4,73.6,9.9,0,0.662946428571429
"2622",5,75.3,10,0,0.546875
"2623",6,71,10,0,0.609375
"2624",7,64.8,9,1,0.526785714285714
"2625",2,64.2,9.8,0,0.299107142857143
"2626",1,69.1,10,0,0.238839285714286
"2627",3,70.5,10,0,0.553571428571429
"2628",4,70.4,9.5,0,0.558035714285714
"2629",5,76.1,10,0,0.600446428571429
"2630",6,76.5,8.8,0,0.745535714285714
"2631",7,63.5,9.1,0,0.741071428571429
"2632",2,67.8,10,0,0.296875
"2633",1,74.5,10,0,0.555803571428571
"2634",3,72.9,10,0,0.591517857142857
"2635",4,69.5,10,0,0.625
"2636",5,64,10,0,0.558035714285714
"2637",6,60.6,10,0,0.558035714285714
"2638",7,65.6,10,0,0.743303571428571
"2639",2,71.8,10,0,0.495535714285714
"2640",1,75.1,9.9,0,0.357142857142857
"2641",3,78.7,9.9,0,0.633928571428571
"2642",4,72.2,9.4,0,0.609375
"2643",5,67.9,10,0,0.555803571428571
"2644",6,70.5,9.8,0,0.647321428571429
"2645",7,66.3,10,0,0.776785714285714
"2646",2,71.3,10,0,0.395089285714286
"2647",1,74.4,10,0,0.296875
"2648",3,65.3,10,0,0.178571428571429
"2649",4,69.9,10,0,0.220982142857143
"2650",5,78.7,9.8,0,0.743303571428571
"2651",6,58.5,5.8,0,0.747767857142857
"2652",7,59.2,7.6,0,0.787946428571429
"2653",2,52,10,0,0.450892857142857
"2654",1,62.8,9.8,0,0.178571428571429
"2655",3,71.5,9.8,0,0.491071428571429
"2656",4,60.5,8.7,0,0.375
"2657",5,56.6,8.8,0,0.0625
"2658",6,59.5,10,0,0.580357142857143
"2659",7,59.4,10,0,0.560267857142857
"2660",2,59.8,10,0,0.328125
"2661",1,59.5,10,0,0.191964285714286
"2662",3,63.7,10,0,0.100446428571429
"2663",4,58.4,10,0,0.433035714285714
"2664",5,59.6,8.1,0,0.676339285714286
"2665",6,55,8.8,0,0.564732142857143
"2666",7,53.2,10,0,0.622767857142857
"2667",2,50.8,10,0,0.515625
"2668",1,54.3,8,1,0.323660714285714
"2669",3,56.4,9.6,0,0.455357142857143
"2670",4,57.5,8.1,0,0.462053571428571
"2671",5,60.6,7.9,0,0.700892857142857
"2672",6,57.7,10,0,0.575892857142857
"2673",7,58.1,9.8,0,0.651785714285714
"2674",2,58.7,10,0,0.379464285714286
"2675",1,59.5,7.6,1,0.25
"2676",3,58.9,10,0,0.5625
"2677",4,56.6,6,0,0.633928571428571
"2678",5,60,4,0,0.535714285714286
"2679",6,64.7,5.3,0,0.582589285714286
"2680",7,54.9,9.9,0,0.953125
"2681",2,46,10,0,0.337053571428571
"2682",1,47.9,10,0,0.276785714285714
"2683",3,48.5,10,0,0.598214285714286
"2684",4,56,10,0,0.189732142857143
"2685",5,51,10,0,0.580357142857143
"2686",6,52,9.5,0,0.700892857142857
"2687",7,37.9,9.8,0,0.716517857142857
"2688",2,33.3,10,0,0.328125
"2689",1,43.9,10,0,0.227678571428571
"2690",3,53.2,9.8,0,0.28125
"2691",4,46.5,9.8,0,0.535714285714286
"2692",5,27.6,10,0,0.544642857142857
"2693",6,35,10,0,0.424107142857143
"2694",7,43.2,10,0,0.59375
"2695",2,39.1,10,0,0.383928571428571
"2696",1,35.8,10,0,0.198660714285714
"2697",3,39.3,7.3,0,0.866071428571429
"2698",4,42.9,6.6,0,0.613839285714286
"2699",5,43.2,10,0,0.381696428571429
"2700",6,44.8,10,0,0.651785714285714
"2701",7,49.2,9.5,0,0.620535714285714
"2702",2,40.3,10,0,0.386160714285714
"2703",1,42.6,6.5,0,0.361607142857143
"2704",3,44.8,10,0,0.638392857142857
"2705",4,51.6,9.8,0,0.774553571428571
"2706",5,54.3,9.9,0,0.459821428571429
"2707",6,49.2,10,0,0.0424107142857143
"2708",7,36.1,10,0,0.15625
"2709",2,36.3,10,0,0.245535714285714
"2710",1,33.3,8,0,0.120535714285714
"2711",3,35.3,5.4,1,0.502232142857143
"2712",4,32.4,6.6,0,0.591517857142857
"2713",5,35.3,9,0,0.439732142857143
"2714",6,38.6,9.4,0,0.540178571428571
"2715",7,40.6,10,0,0.464285714285714
"2716",2,36.6,10,0,0.470982142857143
"2717",1,34,10,0,0.223214285714286
"2718",3,46.8,4.4,1,0.852678571428571
"2719",4,55.8,8.5,0,0.696428571428571
"2720",5,37.3,8.3,1,0.497767857142857
"2721",6,31.1,10,0,0.544642857142857
"2722",7,39.1,8.4,0,0.904017857142857
"2723",2,50.1,2.4,1,0.495535714285714
"2724",1,44.8,10,0,0.330357142857143
"2725",3,35.6,10,0,0.366071428571429
"2726",4,33.5,5.5,0,0.770089285714286
"2727",5,33,9.6,1,0.772321428571429
"2728",6,21.3,9,0,0.767857142857143
"2729",7,25.8,10,0,0.765625
"2730",2,28.2,10,0,0.368303571428571
"2731",1,36.6,8.3,0,0.345982142857143
"2732",3,46.5,9.4,0,0.53125
"2733",4,45,10,0,0.390625
"2735",6,39.8,8.1,0,0.131696428571429
"2736",7,49.4,9.9,0,0.207589285714286
"2737",2,48,8.3,0,0
"2738",1,42.6,9.3,0,0.0647321428571429
"2739",3,39.4,2.7,1,0.363839285714286
"2740",4,38.7,9.5,0,0.196428571428571
